Number,Ticker,KoreanTicker
1,AAPL,애플
2,MSFT,마이크로소프트
3,AMZN,아마존 닷컴
4,FB,페이스북
5,GOOGL,알파벳 Class A
6,GOOG,알파벳 Class C
7,TSLA,테슬라
8,NVDA,엔비디아
9,PYPL,페이팔 홀딩스
10,ASML,ASML 홀딩 NV ADR
11,CMCSA,컴캐스트
12,ADBE,어도비 시스템즈
13,INTC,인텔
14,CSCO,시스코 시스템즈
15,NFLX,넷플릭스
16,PEP,펩시코
17,AVGO,브로드컴
18,TMUS,T-모바일 US
19,TXN,텍사스 인스트루먼트
20,COST,코스트코 홀세일
21,PDD,핀듀오듀오 ADR
22,QCOM,퀄컴
23,CHTR,차터 커뮤니케이션
24,AMGN,암젠
25,AZN,아스트라제네카 ADR
26,SBUX,스타벅스
27,SNY,사노피 SA ADR
28,AMAT,어플라이드 머티어리얼즈
29,JD,JD닷컴 ADR
30,INTU,인튜이트
31,ISRG,인튜이티브 서지컬
32,MU,마이크론 테크놀로지
33,AMD,어드벤스 마이크로 디바이스
34,BKNG,부킹 홀딩스
35,ABNB,에어비앤비 Class A
36,LRCX,램 리서치
37,MDLZ,몬덜리즈 인터내셔널 Class A
38,ZM,줌 비디오 커뮤니케이션 Class A
39,GILD,길리어드 사이언스
40,ADP,오토매틱 데이터 프로세싱
41,FISV,파이서브
42,CSX,CSX Corp
43,NTES,넷이즈 ADR
44,CME,CME 그룹 Class A
45,ATVI,액티비전 블리자드
46,MELI,메르카도리브레
47,BIDU,바이두 ADR Class A
48,MRNA,모더나
49,EQIX,이퀴닉스
50,ADSK,오토데스크
51,ADI,애널로그 디바이시스
52,WDAY,워크데이 Class A
53,VOD,보다폰 그룹 ADR
54,VRTX,버텍스 파마슈티컬
55,ILMN,일루미나
56,TEAM,아틀라시안
57,REGN,리제네론 파마슈티컬스
58,NXPI,NXP 세미콘덕터
59,KHC,크래프트 하인즈
60,KDP,큐리그 닥터 페퍼
61,COIN,코인베이스 글로벌 Class A
62,MNST,몬스터 베버리지
63,KLAC,KLA Corp
64,WBA,월그린스 부츠 얼라이언스
65,MAR,메리어트 인터내셔널
66,ALGN,얼라인 테크놀로지
67,ROST,로스 스토어스
68,IDXX,아이덱스 래버러터리스
69,AEP,아메리칸 일렉트릭 파워 컴퍼니
70,EXC,엑셀론
71,TROW,T.로우 프라이스
72,ERIC,텔레폰악티에볼라예트 LM 에릭슨 ADR Class B
73,CRWD,크라우드 스트라이크 홀딩스 Class A
74,LULU,룰루레몬 애슬레티카
75,BIIB,바이오젠
76,EA,일렉트로닉 아츠
77,BNTX,바이오엔테크 SE ADR
78,EBAY,이베이
79,BILI,빌리빌리 ADR
80,CTSH,코그니전트 테크놀로지 솔루션
81,MCHP,마이크로칩 테크놀러지
82,ORLY,오레일리 오토모티브
83,XEL,엑셀 에너지
84,MTCH,매치 그룹
85,DOCU,도큐사인
86,ROKU,로쿠
87,ALXN,알렉시온 파마슈티컬스
88,CTAS,신타스
89,MRVL,마벨 테크놀로지 그룹
90,PAYX,페이첵스
91,SNPS,시놉시스
92,CDNS,케이던스 디자인 시스템
93,DXCM,덱스컴
94,TSCAP,트리스테이트 캐피털 홀딩스 DEP SHS 6.75%
95,WLTW,윌리스 타워스 왓슨 PLC
96,FTNT,포티넷
97,PCAR,파카
98,CSGP,코스타 그룹
99,SBAC,SBA 커뮤니케이션스 Class A
100,SIVB,SVB 파이낸셜 그룹
101,ODFL,올드 도미니언 프라이트 라인
102,FAST,패스널
103,XLNX,자일링스
104,FITB,피프스 서드 뱅코프
105,OKTA,옥타 Class A
106,TTD,트레이드 데스크 Class A
107,SWKS,스카이웍스 솔루션스
108,IBKR,인터랙티브 브로커스 그룹 Class A
109,ANSS,앤시스
110,CPRT,코파트
111,BGNE,베이진 ADR
112,VRSK,베리스크 애널리틱스
113,GRMN,가민
114,DLTR,달러 트리
115,RYAAY,라이언에어 홀딩스 ADR
116,NDAQ,나스닥
117,LBRDK,리버티 브로드밴드 Series C
118,MXIM,맥심 인티그레이티드 프로덕츠
119,ZBRA,지브라 테크놀로지스 Class A
120,VRSN,베리사인
121,TCOM,트립닷컴 그룹 ADR
122,RPRX,로열티 파마 Class A
123,NTRS,노던 트러스트
124,SGEN,시애틀 제네틱스
125,PTON,펠로튼 인터랙티브 Class A
126,SIRI,시리우스 XM 홀딩스
127,GMAB,젠맵 A/S ADR
128,DISH,디시 네트워크 Class A
129,EXPE,익스피디아그룹
130,CDW,CDW 코퍼레이션
131,XP,Xp Inc Class A
132,YNDX,얀덱스 NV Class A
133,VIAC,비아콤CBS Class B
134,ZS,지스케일러
135,CERN,서너
136,TSCO,트랙터 서플라이
137,DDOG,데이터도그 Class A
138,CZR,시저스 엔터테인먼트
139,WDC,웨스턴 디지털
140,TER,테라다인
141,QRVO,코보
142,DKNG,드래프트킹즈 Class A
143,STX,씨게이트 테크놀로지
144,IAC,IAC/인터랙티브코프
145,Z,질로우 그룹 Class C
146,APP,앱플로빈 Class A
147,HZNP,호라이즌 테라퓨틱스
148,ETSY,엣시
149,NVCR,노보큐어
150,FUTU,푸투 홀딩스 ADR
151,EXPD,익스페디터 인터내셔널 오브 워싱턴
152,TTWO,테이크-투 인터랙티브 소프트웨어
153,LOGI,로지텍 인터내셔널
154,CINF,신시내티 파이낸셜
155,SPLK,스플렁크
156,TW,트레이드웹 마켓 Class A
157,TRMB,트림블
158,STNE,스톤코 Class A
159,SSNC,SS&C 테크놀로지스 홀딩스
160,EXAS,이그젝트 사이언시스
161,JBHT,J.B 헌트 운송 서비스
162,XM,퀄트릭스 인터내셔널 Class A
163,HTHT,화주 그룹 ADR
164,WMG,워너 뮤직 그
165,PFG,프린시펄 파이낸셜 그룹
166,INCY,인사이트
167,AKAM,아카마이 테크놀로지
168,ZI,줌인포 테크놀로지
169,ULTA,울타 뷰티
170,CVAC,큐어백 NV
171,POOL,풀
172,NTAP,넷앱
173,UAL,유나이티드 에어라인스 홀딩스
174,COUP,쿠파 소프트웨어
175,VTRS,비아트리스
176,PODD,인슐릿
177,BPY,Brookfield Property Partners LP Unit
178,HOLX,홀로직
179,MKTX,마켓액세스 홀딩스
180,ENPH,인페이즈 에너지
181,LYFT,리프트 Class A
182,LI,리 아토 ADR
183,CHKP,체크 포인트 소프트웨어 테크놀로지
184,PPD,PPD Inc
185,ACGL,아치 캐피털 그룹
186,ON,ON 세미콘덕터
187,HBAN,헌팅턴 뱅크셰어스
188,TECH,바이오-테크네
189,CG,칼라일 그룹
190,TXG,10X 제노믹스 Inc
191,MDB,몽고DB Class A
192,WIX,윅스닷컴
193,ALNY,앨나일램 파마슈티컬스
194,MPWR,모놀리식 파워 시스템즈
195,PTC,PTC Inc
196,NUAN,누안스 커뮤니케이션스
197,CTXS,시트릭스 시스템즈
198,ENTG,인테그리스
199,FANG,다이아몬드백 에너지
200,LKQ,LKQ Corp
201,ZLAB,자이 랩 ADR
202,XRAY,덴츠플라이 시로나
203,NICE,나이스 ADR
204,BMRN,바이오마린 파마슈티컬
205,WYNN,윈 리조트
206,LNT,얼라이언트 에너지
207,AFRM,어펌 홀딩스 Class A
208,CGNX,코그넥스
209,IEP,Icahn Enterprises LP Unit
210,AAL,아메리칸 에어라인스 그룹
211,GDRX,굿알엑스 홀딩스 Class A
212,HAS,해즈브로
213,GH,가단트 헬쓰
214,SBNY,시그니처 뱅크
215,ABMD,어바이오메드
216,BSY,벤틀리 시스템즈 Class B
217,GDS,GDS 홀딩스 ADR
218,PENN,펜 내셔널 게이밍
219,ARGX,아겐스 SE ADR
220,CHRW,CH 로빈슨 월드와이드
221,STLD,스틸 다이내믹스
222,NVAX,노바백스
223,OTEX,오픈 텍스트
224,LPLA,LPL 파이낸셜 홀딩스
225,NWL,뉴웰브랜즈
226,FOXA,Fox Corp Class A
227,MASI,마시모
228,NDSN,노드슨
229,NLOK,노턴라이프락
230,HST,Host Hotels & Resorts Inc
231,JKHY,잭 헨리 & 어소시에이츠
232,OZON,오존홀딩스 ADR
233,UHAL,아머코
234,ICLR,아이콘
235,ZNGA,징가
236,PLUG,플러그 파워
237,HSIC,헨리 셰인
238,MORN,모닝스타
239,FIVN,파이브나인
240,IQ,IQIYI(아이치이) ADR Class A
241,SEDG,솔라에지 테크놀로지스
242,EWBC,이스트 웨스트 뱅코프
243,PRAH,PRA 헬스 사이언시스
244,WB,웨이보 ADR Class A
245,ARVL,어라이벌 그룹
246,CREE,크리
247,FFIV,F5 네트웍스
248,REG,리젠시 센터스
249,BLDR,빌더스 퍼스트소스
250,FIVE,파이브 빌로우
251,PLTK,플레이티카 홀딩
252,GLPI,게이밍 앤드 레저 프로퍼티스
253,IPGP,IPG 포토닉스
254,DISCK,디스커버리 홀딩스 Series C
255,LBTYK,리버티 글로벌 Class C
256,LAMR,라마 애드버타이징 Class A
257,BRKR,브루커
258,OLED,유니버설 디스플레이
259,OPEN,오픈도어 테크놀로지스 Class A
260,RGEN,레플리젠
261,NWSA,뉴스 코퍼레이션 Class A
262,DOX,암독스
263,MIDD,미들비
264,MCFE,맥아피 Class A
265,MKSI,MKS 인스트루먼츠
266,DBX,드랍박스 Class A
267,PFPT,프루프포인트
268,JAZZ,재즈 파마슈티컬스
269,AGNC,AGNC 인베스트먼트
270,LSXMK,리버티 미디어 Series C
271,ZION,자이언스 뱅코프
272,ERIE,이리 인뎀니티 Class A
273,PEGA,페가시스템즈
274,RUN,선런
275,CBSH,커머스 뱅크셰어스
276,PCTY,페일로시티 홀딩
277,FOX,Fox Corp Class B
278,FWONK,리버티 미디어 Series C
279,CGC,Canopy Growth Corp
280,MRVI,마라바이 라이프사이언시스 홀딩스 Class A
281,KC,킹소프트 클라우드 홀딩스 ADR
282,FLEX,플렉스
283,SEIC,SEI 인베스트먼트
284,MLCO,멜코 리조트 & 엔터테인먼트 ADR
285,AZPN,애스펜 테크놀로지
286,GNTX,젠텍스
287,UTHR,유나이티드 테라퓨틱스
288,CONE,사이러스원
289,SYNH,시노스 헬스
290,AXON,액손 엔터프라이스
291,NBIX,뉴로크린 바이오사이언시스
292,NTRA,나테라
293,MANH,맨해튼 어소시에이츠
294,NFE,뉴 포트리스 에너지 Class A
295,ARCC,아레스 캐피털
296,AMED,아메디시스
297,CASY,케이시스 제너럴 스토어스
298,CRSP,CRISPR 테라퓨틱스
299,APA,아파
300,CNXC,콘센트릭스
301,PBCT,피플스 유나이티드 파이낸셜
302,WWD,우드워드
303,LECO,링컨 일렉트릭 홀딩스
304,RGLD,로얄 골드
305,WISH,콘텍스트로직 Class A
306,FSLR,퍼스트 솔라
307,RARE,울트라제닉스 파마슈티컬
308,FLIR,플리어시스템즈
309,ABCL,앱셀레라 바이오로직스
310,MAT,마텔
311,MRTX,미라티 테라퓨틱스
312,ZG,질로우 그룹 Class A
313,CHDN,처칠 다운스
314,TSP,투심플 홀딩스 Class A
315,DOOO,BRP Inc
316,BYND,비욘드 미트
317,FRPT,프레시펫
318,FCNCA,퍼스트 시티즌스 뱅크셰어스 Class A
319,BBIO,브릿지바이오 파머
320,XLRN,액셀러론 파마
321,EEFT,유로넷 월드와이드
322,PAAS,팬 아메리칸 실버
323,EXEL,엑셀리시스
324,FFIN,퍼스트 파이낸셜 뱅크셰어스
325,TXRH,텍사스 로드하우스
326,FATE,페이트 테라퓨틱스
327,TCF,TCF 파이낸셜
328,COLM,컬럼비아 스포츠웨어
329,ASND,어센디스 파마 A/S ADR
330,ANGI,앤지 Class A
331,CHNG,체인지 헬스케어
332,FSV,퍼스트서비스
333,SRCL,스테리사이클
334,BRKS,브룩스 오토메이션
335,APPN,애피안
336,CACC,크레디트 억셉턴스
337,UPST,업스타트 홀딩스
338,CROX,크록스
339,PAA,Plains All American Pipeline LP
340,YY,JOYY Inc ADR
341,ARWR,애로우헤드 파마슈티컬스
342,HALO,할로자임 테라퓨틱스
343,LSCC,래티스 세미컨덕터
344,PNFP,피너클 파이낸셜 파트너스
345,LSTR,랜드스타 시스템
346,TTEK,테트라 테크
347,BPOP,파퓰러
348,LAZR,루미나 테크놀로지스 Class A
349,SHC,소테라 헬스
350,CDK,CDK 글로벌
351,WSC,윌스콧
352,SLM,샐리메이(SLM)
353,DNLI,디날리 테라퓨틱스
354,TPCO,트리뷴 퍼블리싱
355,BMBL,범블 Class A
356,REYN,레이놀드 컨슈머 프라덕츠
357,RCM,R1 RCM Inc
358,LHCG,LHC 그룹
359,NXST,넥스타 미디어 그룹 Class A
360,LFUS,리틀휴즈
361,FOXF,폭스 팩토리 홀딩
362,TLRY,틸레이
363,SSB,사우스 스테이트
364,BOKF,BOK 파이낸셜
365,IIVI,II-VI Inc
366,SAIA,사이아
367,COHR,코히런트
368,IART,인테그라 라이프사이언시스 홀딩스
369,STAA,STAAR 서지컬
370,LITE,루멘텀 홀딩스
371,IBRX,이뮤니티바이오
372,TRIP,트립어드바이저
373,JBLU,제트블루 에어웨이스
374,DISCA,디스커버리 홀딩스 Series A
375,HQY,헬스에퀴티
376,OMCL,옴니셀
377,ESLT,엘빗 시스템즈
378,BL,블랙라인
379,SRPT,사렙타 테라퓨틱스
380,SLAB,실리콘 래버러터리스
381,MSTR,마이크로스트래티지 Class A
382,VLY,밸리 내셔널 뱅코프
383,MEDP,메드페이스 홀딩스
384,VRM,브이룸
385,CAR,에이비스 버짓 그룹
386,PPC,필그림즈 프라이드
387,GBCI,글레이셔 뱅코프
388,ESGR,엔스타 그룹
389,OLLI,올리스 바겐 아웃렛 홀딩스
390,NTNX,뉴타닉스 Class A
391,ACHC,아카디아 헬스케어
392,AVGOP,브로드컴 Pref SHS Series A
393,TGTX,TG 테라퓨틱스
394,ONEM,1라이프 헬스케어
395,TFSL,TFS 파이낸셜
396,OZK,OZK 은행
397,UFPI,UFP 인더스트리
398,APPS,디지털 터빈
399,RDFN,레드핀
400,VIRT,버투 파이낸셜 Class A
401,HELE,헬렌 오브 트로이
402,BPMC,블루프린트 메디슨스
403,VIR,Vir 바이오테크놀로지
404,WOOF,펫코 헬스 앤드 웰니스 컴퍼니
405,TNDM,탠덤 다이어비츠 케어
406,DADA,다다 넥서스 ADR
407,NCNO,엔씨노
408,JCOM,제이투 글로벌
409,ALLK,알라코스
410,NATI,내셔널 인스트루먼츠
411,DSEY,다이버시 홀딩스
412,IONS,아이오니스 파마슈티컬스
413,LANC,랭커스터 콜로니
414,UBSI,유나이티드 뱅크셰어스(Nasdaq GS)
415,PACW,팩웨스트 뱅코프
416,KOD,코디악 사이언스
417,DSGX,데카르트 시스템즈 그룹
418,ADPT,어댑티브 바이오테크놀러지
419,SGMS,사이언티픽 게임스
420,ROLL,RBC 베어링스
421,CD,친데이터 그룹 홀딩스 ADR
422,IRDM,이리디움 커뮤니케이션스
423,LESL,레슬리즈
424,LBTYA,리버티 글로벌 Class A
425,ACVA,ACV 옥션즈 Class A
426,TWST,트위스트 바이오사이언스
427,NEOG,니오젠
428,SWAV,쇼크웨이브 메디컬
429,WEN,웬디스
430,UPWK,업워크
431,CRCT,크리컷 Class A
432,LAWS,로슨 프로덕츠
433,VRNS,바로니스 시스템즈
434,CIGI,콜리어스 인터내셔널 그룹
435,GLPG,갈라파고스 NV ADR
436,DCT,Duck Creek Technologies Inc
437,NEO,네오지노믹스
438,EXPO,엑스포넌트
439,RXT,랙스페이스 테크놀로지
440,POWI,파워 인티그레이션
441,SHLS,숄즈 테크놀로지스 그룹 Class A
442,ALTR,알테어 엔지니어링
443,LPRO,오픈 렌딩 Class A
444,AMKR,앰코 테크롤로지
445,API,아고라 ADR
446,PACB,퍼시픽 바이오사이언시스 오브 캘리포니아
447,CHX,챔피언엑스
448,INOV,이노발론 홀딩스 Class A
449,HLNE,해밀턴 레인
450,OCDX,올소 클리니컬 다이애그노스틱스 홀딩스
451,NWS,뉴스 코퍼레이션 Class B
452,SLGN,실간 홀딩스
453,NARI,Inari 메디컬
454,JOBS,51잡 ADR
455,SDGR,슈로딩거
456,UMBF,UMB 파이낸셜
457,TTEC,TTEC 홀딩스
458,ALHC,얼라인먼트 헬스케어 Class A
459,ALGM,알레그로 마이크로시스템즈
460,ABCM,압캠 ADR
461,GRFS,그리폴스 SA ADR Class B
462,SYNA,시냅틱스
463,HOMB,홈 뱅크셰어스
464,ENSG,엔사인 그룹
465,DRVN,드리븐 브랜즈 홀딩스
466,CCMP,캐봇 마이크로일렉트로닉스
467,CHK,체사피크 에너지
468,RXRX,리커젼 파마슈티컬스 Class A
469,SIGI,셀렉티브 인슈어런스 그룹
470,QDEL,퀴델
471,PGNY,프로지니
472,GT,굿이어 타이어 & 러버
473,FEYE,파이어아이
474,CYBR,사이버아크 소프트웨어
475,NTLA,인텔리아 테라퓨틱스
476,QRTEA,큐레이트 리테일 Series A
477,BLDP,발라드 파워 시스템즈
478,APPF,앱폴리오
479,SONO,소노스
480,WING,윙스톱
481,CERT,서타라
482,NOVT,노밴타
483,ICUI,ICU 메디컬
484,WTFC,윈트러스트 파이낸셜
485,ACIW,ACI 월드와이드
486,CRUS,시러스 로직
487,FIZZ,내셔널 베버리지
488,PPBI,퍼시픽 프리미어 뱅코프
489,RRR,레드 락 리조트 Class A
490,BEAM,빔 테라퓨틱스
491,IOVA,이오밴스 바이오테라퓨틱스
492,LGIH,LGI 홈스
493,FTDR,프론트도어
494,AVT,Avnet Inc
495,BCPC,발켐
496,ULCC,프론티어 그룹 홀딩스
497,TIGO,밀리콤 인터내셔널 셀룰러
498,PINC,프리미어 Class A
499,HWC,핸콕 휘트니
500,EVBG,에러브릿지
501,IMAB,I-Mab ADR
502,BHF,브라이트하우스 파이낸셜
503,AIMC,알트라 인더스트리얼 모션
504,SAGE,세이지 테라퓨틱스
505,UMPQ,움프쿠아 홀딩스
506,LSXMA,리버티 미디어 Series A
507,ALRM,알람닷컴 홀딩스
508,LBRDA,리버티 브로드밴드 Series A
509,SFIX,스티치 픽스 Class A
510,LOPE,그랜드 캐년 에듀케이션
511,KRNT,코닛 디지털
512,EBC,이스턴 뱅크셰어스
513,ZY,자이머젠
514,ALLO,알로진 테라퓨틱스
515,ADV,Advantage Solutions Inc
516,CVET,커버트러스
517,EYE,내셔널 비전 홀딩스
518,BECN,비컨 루핑 서플라이
519,SMTC,셈텍
520,LIVN,리바노바
521,PCH,포틀래치델틱
522,HAIN,하인 셀레셜 그룹
523,EXPI,eXp 월드 홀딩스
524,AY,아틀란티카 서스테인너블 인프라스트럭처
525,RPD,래피드7
526,FELE,프랭클린 일렉트릭
527,HCM,허치슨 차이나 메디테크 ADR
528,GO,그로서리 아울렛 홀딩스
529,NKLA,니콜라
530,ABCB,아메리스 뱅코프
531,SABR,세이버
532,FROG,제이프로그
533,TENB,테너블 홀딩스
534,SPWR,선파워
535,RCII,렌트어센터
536,URBN,어반 아웃피터스
537,AGIO,애지오스 파마슈티컬스
538,JAMF,Jamf 홀딩
539,KNSL,킨세일 캐피털 그룹
540,QLYS,퀄리스
541,CBRL,크래커 배럴 올드 컨트리 스토어
542,ARNA,아레나 파마슈티컬스
543,SSRM,SSR 마이닝
544,ITRI,아이트론
545,PDCE,PDC 에너지
546,CDNA,케어Dx
547,SAFM,샌더슨 팜스
548,LEGN,레전드 바이오테크 ADR
549,SBRA,사브라 헬스케어 리츠
550,CCOI,코젠트 커뮤니케이션스 홀딩스
551,VICR,비코
552,APLS,아펠리스 파머수티컬스
553,MTSI,메이컴 테크놀로지 솔루션스 홀딩스
554,MGNI,매그나이트
555,FHB,퍼스트 하와이안
556,VIAV,비아비 솔루션스
557,GOCO,고헬스 Class A
558,GSHD,구스헤드 인슈어런스 Class A
559,ISBC,인베스터스 뱅코프
560,MMSI,메리트 메디컬 시스템즈
561,ALGT,얼리전트 트래블
562,SFBS,서비스퍼스트 뱅크셰어즈
563,CELH,셀시어스 홀딩스
564,QFIN,360 파이낸스 ADR
565,NUVA,누베이시브
566,MRCY,머큐리 시스템즈
567,VNET,21비아넷 그룹 ADR
568,ATRC,아트리큐어
569,SHOO,스티븐 매든
570,SPSC,SPS 커머스
571,VC,비스티온
572,STMP,스탬스 닷 컴
573,TCBI,텍사스 캐피털 뱅크셰어스
574,ALKS,앨커미스
575,OLK,오링크 홀딩 AB ADR
576,PDCO,패터슨
577,ALKT,알카미 테크놀로지 Class A
578,COMM,콤스코프 홀딩
579,SWTX,스프링웍스 테라퓨틱스
580,STAY,익스텐디드 스테이 어메리카
581,LPSN,라이브퍼슨
582,AEIS,어드밴스드 에너지 인더스트리스
583,CWST,카셀라 웨이스트 시스템즈 Class A
584,VSAT,비아샛
585,MANT,맨텍 인터내셔널 Class A
586,RETA,리타 파머수티컬스
587,PRVA,프리비아 헬스 그룹
588,NSIT,인사이트 엔터프라이지즈
589,NKTR,넥타 테라퓨틱스
590,OSTK,오버스톡 닷 컴
591,FOCS,포커스 파이낸셜 파트너스 Class A
592,INSM,인스메드
593,AAON,에이에이온
594,ACAD,아카디아 파마슈티컬스
595,CATY,캐세이 제너럴 뱅코프
596,CRNC,세렌스
597,CLOV,클로버 헬스 인베스트먼츠 Class A
598,INNV,이노베이지 홀딩
599,PZZA,파파 존스 인터내셔널
600,IBTX,인디펜던트 뱅크 그룹
601,SMPL,더 심플리 굿 푸드
602,CDLX,카들리틱스
603,KTOS,크라토스 디펜스 & 시큐리티 솔
604,BIGC,빅커머스 홀딩스 Series 1
605,WDFC,WD-40 컴퍼니
606,SPT,스프라웃 소셜 Class A
607,KRTX,카루나 테라퓨틱스
608,AMBA,암바렐라
609,EXLS,엑슬서비스 홀딩스
610,DORM,도먼 프로덕츠
611,NWE,노스웨스턴
612,AHCO,어탭트헬스 Class A
613,BLKB,블랙보드
614,VG,Vonage 홀딩스
615,SFNC,시몬스 퍼스트 내셔널 Class A
616,ANAT,아메리칸 내셔널 인슈어런스
617,VEON,베온 ADR
618,WERN,웨너 엔터프라이즈
619,SWIM,라탐 그룹
620,ONB,올드 내셔널 뱅코프
621,DIOD,다이오즈
622,AUB,애틀랜틱 유니온 뱅크셰어스
623,ARRY,어레이 테크놀로지스
624,COLB,컬럼비아 뱅킹 시스템
625,ASO,아카데미 스포츠 앤 아웃도어스
626,TPTX,터닝 포인트 테라퓨틱스
627,SDC,스마일다이렉트클럽 Class A
628,BLI,버클리 라이츠
629,CVLT,컴볼트 시스템즈
630,OPCH,옵션 케어 헬스
631,JJSF,J&J 스낵 푸드
632,STEP,스텝스톤 그룹 Class A
633,PSEC,프로스펙트 캐피털
634,TRUP,트루패니언
635,SANA,사나 바이오테크놀로지
636,AMRS,아미리스
637,SFM,스프라우츠 파머스 마켓
638,KNBE,노우비4 Class A
639,SGRY,서저리 파트너스
640,IBOC,인터내셔널 뱅크셰어즈
641,MARA,매러선 디지털 홀딩스
642,ARVN,아르비나스
643,VRNT,베린트 시스템즈
644,BAND,밴드위스
645,NAVI,나비엔트
646,FCFS,퍼스트 캐쉬
647,CRSR,커세어 게이밍
648,UCBI,유나이티드 커뮤니티 뱅크
649,MEOH,메타넥스
650,KLIC,쿨리크 & 소파 인더스트리스
651,FIBK,퍼스트 인터스테이트 뱅크시스템 Class A
652,CVBF,CVB 파이낸셜
653,FORM,폼팩터
654,TSEM,타워 세미컨덕터
655,BNR,버닝 락 바이오테크 ADR
656,POSH,포쉬마크 Class A
657,VCYT,베라사이트
658,MOMO,모모 ADR Class A
659,NSTG,나노스트링 테크놀로지스
660,MOR,모르포시스 AG ADR
661,CAKE,치즈케익 팩토리
662,INMD,인모드
663,FULT,풀턴 파이낸셜
664,PTCT,PTC 테라퓨틱스
665,LOB,라이브 오크 뱅크셰어즈
666,TWOU,2U Inc
667,CRON,크로노스 그룹
668,REGI,리뉴어블 에너지 그룹
669,COOP,미스터쿠퍼 그룹
670,CARG,카구루스
671,RIOT,라이엇 블록체인
672,CYRX,크라이오포트
673,IHRT,아이하트미디어 Class A
674,PSMT,프라이스스마트
675,FRHC,프리덤 홀딩
676,CSQ,Calamos Strategic Total Return Fund
677,PCRX,파시라 바이오사이언스
678,CSOD,코너스톤 온디맨드
679,IRBT,아이로봇
680,SNBR,슬립 넘버
681,PTVE,팩티브 에버그린
682,DOYU,도유 인터내셔널 홀딩스 ADR
683,JACK,잭 인 더 박스
684,MIME,마임캐스트
685,FYBR,프론티어 커뮤니케이션 패런트
686,BBBY,베드 배스 & 비욘드
687,ITCI,인트라 셀룰라 테라퓨틱스
688,SANM,산미나
689,AVAV,에어로바이런먼트
690,INDB,인디펜던트 은행(매사추세츠)
691,ROCK,지브롤터 인더스트리스
692,COKE,코카콜라 콘솔리데이티드
693,PLXS,플렉서스
694,MGEE,MGE 에너지
695,LAUR,로리어트 에듀케이션 Class A
696,RCKT,로켓 파머수티컬스
697,VERX,버텍스 Class A
698,OPK,옵코 헬스
699,LILAK,리버티 라틴 아메리카 Class C
700,ORGO,오가노제네시스홀딩스 Class A
701,RLAY,릴레이 테라퓨틱스
702,FWRD,포워드 에어
703,BLMN,블루민 브랜즈
704,WSBC,웨스뱅코
705,FRME,퍼스트 머천츠
706,GBDC,골럽 캐피털 BDC
707,NVMI,노바 메저링 인스트루먼츠
708,ROOT,루트 Class A
709,BZUN,바오준 ADR
710,MMYT,메이크마이트립
711,MLHR,허먼 밀러
712,FCEL,퓨얼셀 에너지
713,FOLD,아미쿠스 테라퓨틱스
714,TREE,렌딩트리
715,UNIT,유니티 그룹
716,CORT,코셉트 테라퓨틱스
717,IOSP,이노스펙
718,ALXO,ALX 온콜로지 홀딩스
719,RNST,르네산트
720,BRP,BRP 그룹 Class A
721,HYFM,하이드로팜 홀딩스
722,OPINI,오피스 프로퍼티 인컴 트러스트 5.875% Senior Note
723,WSFS,WSFS 파이낸셜
724,SBGI,싱클레어 브로드캐스트 그룹 Class A
725,SHEN,셰넌도어 텔레커뮤니케이션스
726,GCMG,GCM 그로스브너 Class A
727,SKYW,스카이웨스트
728,CMPR,심프레스
729,SVMK,SVMK Inc
730,FFBC,퍼스트 파이낸셜 뱅코프
731,BEAT,바이오텔러미트리
732,FMBI,퍼스트 미드웨스트 뱅코프
733,SEER,시어 Class A
734,MGLN,마젤란 헬스
735,VCEL,베리셀
736,TIGR,업 핀테크 홀딩스 ADR Class A
737,NIU,NIU 테크놀러지 ADR
738,ODP,오피스디포
739,DFH,드림 파인더스 홈즈 Class A
740,WW,WW 인터내셔널
741,WAFD,워싱턴 페더럴
742,HLIO,헬리오스 테크놀로지스
743,ACCD,애콜레이드
744,HUBG,허브 그룹 Class A
745,BANF,뱅크퍼스트
746,THRM,젠섬
747,GBT,글로벌 블러드 테라퓨틱스
748,TOWN,타운 은행
749,GRWG,그로우제너레이션
750,SATS,에코스타 Class A
751,CSIQ,커네디언 솔라
752,MNRO,먼로
753,AXNX,악소닉스 모듈레이션 테크놀로지
754,IPAR,인터 파퓸스
755,OM,아웃셋 메디컬
756,EDIT,에디타스 메디신
757,BTRS,BTRS 홀딩스
758,CENTA,센트럴 가든 앤드 펫 Class A
759,TIL,인스틸 바이오
760,VRRM,베라 모빌리티 Class A
761,XNCR,젠코
762,NMRK,뉴마크 그룹 Class A
763,BCRX,바이오크리스트 파마슈티컬스
764,CRTO,크리테오 SA ADR
765,HCAT,헬스 카탈리스트
766,PATK,패트릭 인더스트리스
767,SIMO,실리콘 모션 테크놀로지 ADR
768,SCPL,싸이플레이 Class A
769,ZNTL,젠테일스 파마슈티컬
770,SASR,샌디 스프링 뱅코프
771,TBK,트라이엄프 뱅코프
772,VLDR,벨로다인 라이다
773,MDRX,올스크립트 헬스케어 솔루션스
774,HCSG,헬스케어 서비스 그룹
775,PRFT,퍼피션트
776,EVOP,EVO 페이먼츠 Class A
777,MVIS,마이크로비전
778,CTRE,케어트러스트 리츠
779,RUBY,루비우스 테라퓨틱스
780,ARCB,아크베스트
781,IRTC,아이리듬 레크놀러지스
782,KALU,카이저 알루미늄
783,HIMX,하이맥스 테크놀로지스 ADR
784,BGCP,BGC 파트너스
785,SBCF,시코스트 뱅킹 코퍼레이션 오브 플로리다
786,HTLF,하트랜드 파이낸셜 USA
787,RUSHA,러시 엔터프라이즈 Class A
788,RMBS,램버스
789,OMAB,그루포 아에로포르투아리오 센트로 노테 ADR Series B
790,CRVL,코어벨
791,IDCC,인터디지털 와이어리스
792,TRMK,트러스트마크
793,RVMD,레볼루션 메디신
794,UCTT,울트라 클린 홀딩스
795,SNCY,선 컨트리 에어라인즈 홀딩스
796,VRTS,버투스 인베스트먼트 파트너스
797,AXSM,액섬 테라퓨틱스
798,HSKA,헤스카
799,FLGT,펄젠트 제네틱스
800,XPER,엑스페리
801,PLAY,데이브 & 버스터스 엔터테인먼트
802,TLND,탈렌드 SA ADR
803,LGND,리간드 파마슈티컬스
804,MDGL,매드리갈 파마슈티컬스
805,ROIC,리테일 오퍼튜니티 인베스트먼트
806,CSWI,CSW 인더스트리얼스
807,REAL,리얼리얼
808,TWCT,TWC 테크 홀딩스 II Corp
809,HHR,헤드헌터 그룹 ADR
810,AVAH,애비애나 헬스케어 홀딩스
811,AAWW,아틀라스 에어 월드와이드 홀딩
812,MYGN,미리아드 제네틱스
813,NGM,NGM 바이오파머수티컬스
814,FLWS,1-800 플라워스닷컴 Class A
815,PRPL,퍼플 이노베이션
816,DRNA,디서나 파마슈티컬스
817,TWNK,호스테스 브랜즈
818,SBLK,스타 벌크 캐리어스
819,PAX,파트리아 인베스트먼트 Class A
820,OTTR,오터 테일
821,MCRB,세레스 테라퓨틱스
822,NMIH,NMI 홀딩스 Class A
823,BANR,배너
824,SRNE,소렌토 테라퓨틱스
825,TTGT,테크타겟
826,DCPH,데시페라 파머수티컬스
827,BLUE,블루버드 바이오
828,TLS,텔로스
829,AFYA,Afya Ltd Class A
830,RVNC,레반스 테라퓨틱스
831,MGRC,맥그래스 렌트코프
832,CLBK,콜롬비아 파이낸셜
833,MODV,모디브케어
834,CLNE,클린 에너지 퓨얼스
835,SVC,서비스 프로퍼티스 트러스트
836,HOPE,호프 뱅코프
837,RILY,B. 라일리 파이낸셜
838,PRGS,프로그레스 소프트웨어
839,NTCT,네트스카우트 시스템즈
840,AMCX,AMC 네트웍스 Class A
841,CCXI,케모센트릭스
842,VCTR,빅토리 캐피털 홀딩스 Class A
843,QTRX,퀀테릭스
844,PUBM,퍼브매틱 Class A
845,CVCO,카브코 인더스트리스
846,MGNX,매크로제닉스
847,EM,스마트 쉐어 글로벌 ADR
848,FGEN,파이브로젠
849,OCGN,오큐젠
850,CORE,코어 마크 홀딩
851,PAGP,Plains GP Holdings LP
852,IGMS,IGM 바이오사이언스
853,SRNG,소어링 이글 애퀴지션 Class A
854,RPAY,리페이 홀딩스 Class A
855,STRA,스트래티직 에듀케이션
856,HNST,어니스트 컴퍼니
857,DOMO,도모
858,KYMR,키메라 테라퓨틱스
859,CAN,Canaan Inc ADR
860,PRAA,PRA 그룹
861,COHU,코후
862,CALM,칼 메인 푸즈
863,CFFN,캐피톨 페더럴 파이낸셜
864,AVIR,아테아 파마슈티컬스
865,SRNGU,Soaring Eagle Acquisition Corp
866,GBIO,제너레이션 바이오
867,SMCI,슈퍼 마이크로 컴퓨터
868,DSP,바이안트 테크놀로지 Class A
869,NWBI,노스웨스트 뱅크셰어즈
870,MORF,모픽 홀딩
871,AMRN,아마린 ADR
872,INFN,인피네라
873,BWMX,베터웨어 드 멕시코 SA de CV
874,AMEH,아폴로 메디컬 홀딩스
875,VIACA,비아콤CBS Class A
876,SILK,실크로드 메디컬
877,IMCR,이뮤노코어 홀딩스 ADR
878,VBTX,베리텍스 홀딩스
879,SSP,EW 스크립스
880,CATM,카드트로닉스
881,VIEW,뷰 Class A
882,EGBN,이글 뱅코프
883,CERE,세러벨 테라퓨틱스 Class A
884,PCT,퓨어사이클 테크놀러지
885,ICFI,ICF 인터내셔널
886,GOEV,카누 Class A
887,GOGL,골든 오션 그룹
888,LMNX,루미넥스
889,NYMT,뉴욕 모기지 트러스트
890,OSIS,OSI 시스템즈
891,GTH,제네트론 홀딩스 ADR
892,TPIC,TPI 컴포지트
893,NBTB,NBT 뱅코프
894,WABC,웨스트아메리카 뱅코프
895,TMCI,트리스 메디컬 컨셉트
896,MBUU,말리부 보츠
897,SYKE,사이크스 엔터프라이스
898,EHTH,이헬스
899,EPAY,보텀라인 테크놀로지스(de)
900,PLMR,팔로마 홀딩스
901,IRWD,아이언우드 파마슈티컬스
902,SUMO,수모로직
903,AMWD,아메리칸 우드마크
904,ROAD,컨스트럭션 파트너스 Class A
905,RTLR,Rattler Midstream LP Unit
906,SAVA,카사바 사이언스
907,AMTI,어플라이드 몰레큘러 트랜스포트
908,CYTK,사이토키네틱스
909,KURA,쿠라 온콜로지
910,WIRE,앙코어 와이어
911,REPL,레플리뮨 그룹
912,LKFN,레이크랜드 파이낸셜
913,PLBY,PLBY 그룹
914,ARQT,아커티스 바이오테라퓨틱스
915,ESTA,에스타블리쉬먼트 랩스 홀딩스
916,GIII,G-III 어패럴 그룹
917,ILPT,인더스트리얼 로지스틱스 프로퍼티
918,EAR,어고
919,PRTC,퓨어 테크 헬스 ADR
920,IMVT,이뮤노반트
921,NNDM,나노 디멘션 ADR
922,TTMI,TTM 테크놀로지스
923,PRIM,프리모리스 서비스
924,CASH,메타 파이낸셜 그룹
925,GPRO,고프로 Class A
926,XPEL,엑스펠
927,DCBO,Docebo Inc
928,SPNS,사피언스 인터내셔널 코퍼레이션 NV
929,CGNT,코그나이트 소프트웨어
930,EFSC,엔터프라이즈 파이낸셜 서비스
931,AUPH,오리니아 파마슈티컬스
932,PMVP,PMV 파마슈티컬스
933,SITM,Si타임
934,OAS,오아시스 페트롤리엄
935,KRYS,크리스탈 바이오텍
936,FRTA,포테라
937,CSII,카디오베스큘러 시스템즈
938,HRMY,Harmony Biosciences Holdings Inc
939,VRTU,버투사
940,SNDL,선다이얼 그로워스
941,SUPN,슈퍼누스 파마슈티컬스
942,CNDT,컨듀언트
943,ARCE,아르코 플랫폼
944,ASTE,아스텍 인더스트리스
945,ATSG,에어 트랜스포트 서비스 그룹
946,SCHN,슈니처 스틸 인더스트리스 Class A
947,HRTX,헤런 테라퓨틱스
948,BCAB,바이오아틀라
949,HTLD,하트랜드 익스프레스
950,ICHR,아이코아 홀딩스
951,LX,레신핀테크 홀딩스 ADR
952,PTEN,패터슨-UTI 에너지
953,QURE,유니큐어 NV
954,OFLX,오메가 플렉스
955,CSGS,CSG 시스템즈인터내셔널
956,ADUS,아듀스 홈케어
957,RAVN,레이븐 인더스트리스
958,SGMO,상가모 테라퓨틱스
959,LUNG,풀몬스
960,LNTH,랜티우스 홀딩스
961,ATEC,알파텍 홀딩스
962,FRG,프랜차이즈 그룹
963,CMBM,캠비움 네트웍스
964,BNGO,바이오나노 지노믹스
965,INGN,이노젠
966,RGNX,리젠엑스바이오
967,JOUT,존슨 아웃도어스 Class A
968,ALVR,알로비어
969,MRTN,마텐 트랜스포트
970,PRLD,프렐류드 테라퓨틱스
971,TRS,트리마스
972,MTLS,머티리얼라이즈 NV ADR
973,CCCC,C4 테라퓨틱스
974,HEES,H&E 이큅먼트 서비스
975,ACMR,ACM 리서치 Class A
976,DSGN,디자인 테라퓨틱스
977,KRON,크로노스 바이오
978,GPRE,그린 플레인스
979,CMCO,컬럼버스 매키넌
980,GRPN,그루폰
981,RIDE,로드타운 모터스 Class A
982,TVTX,트래버 테라퓨틱스
983,DCOM,다임 커뮤니티 뱅크셰어스 (뉴욕)
984,IMGN,이뮤노젠
985,TBIO,트랜슬레이트 바이오
986,CSTL,캐슬 바이오사이언스
987,NNOX,나노-X이미징
988,BUSE,퍼스트 뷰지
989,EXTR,익스트림 네트웍스
990,TCBK,트라이코 뱅크셰어스
991,MSEX,미들섹스 워터
992,EWTX,엣지와이즈 테라퓨틱스
993,BJRI,BJ's 레스토랑스
994,MYRG,MYR 그룹
995,CVGW,캘러보 그로워스
996,VALN,발네바 SE ADR
997,FORTY,포뮬러 시스템즈 1985 ADR
998,CMPS,컴퍼스패스웨이스 ADR
999,TBBK,뱅코프
1000,APPH,앱하비스트
1001,TTCF,Tattooed Chef Inc
1002,SBSI,사우스사이드 뱅크셰어스
1003,CENX,센추리 알루미늄
1004,NBLX,Noble Midstream Partners LP Unit
1005,PGEN,프레시젠
1006,AVO,미션 프로듀스
1007,PLUS,이플러스
1008,INO,이노비오 파마슈티컬스
1009,ECOL,US 에콜로지
1010,MGPI,MGP 인그리디언츠
1011,ALEC,알렉터
1012,BLNK,블링크 차징
1013,ACLS,액셀리스 테크놀로지스
1014,OCFC,오션퍼스트 파이낸셜
1015,MASS,908 디바이시스
1016,EIGI,인듀어런스 인터내셔널그룹 홀딩
1017,STTK,섀턱 랩
1018,ZEAL,질랜드 파마 A/S ADR
1019,STBA,S&T 뱅코프
1020,ECPG,앙코어 캐피털 그룹
1021,PAYA,Fintech Acquisition Corp III
1022,MCRI,모나크 카지노 & 리조트
1023,MATW,매튜스 인터내셔널 Class A
1024,QRTEP,큐레이트 리테일 Pref SHS
1025,OPI,오피스 프로퍼티 인컴 트러스트
1026,BRKL,브루클라인 뱅코프
1027,KFRC,케이포스
1028,HIBB,히벳 스포츠
1029,SAFT,세이프티 인슈어런스 그룹
1030,CAMT,캠텍
1031,MNTK,몬탁 리뉴어블스
1032,MBIN,머천트 뱅코프
1033,ARKO,아르코 Class A
1034,MLAB,메사 래버러토리스
1035,FBNC,퍼스트 뱅코프(노스 캐롤라이나)
1036,EH,이항 홀딩스 ADR
1037,CDXS,코덱시스
1038,HA,하와이안 홀딩스
1039,CNXN,PC 커넥션
1040,GRBK,그린 브릭 파트너스
1041,PETQ,펫IQ Class A
1042,HURN,휴런 컨설팅 그룹
1043,FARO,파로 테크놀로지스
1044,ENDP,엔도 인터내셔널
1045,KROS,케로스 테라퓨틱스
1046,TBPH,테라반스 바이오파마
1047,AMSF,아메리세이프
1048,TRVG,트리바고 NV ADR
1049,CDEV,센테니얼 리소스 디벨롭먼트 Class A
1050,CGEM,컬리넌 온콜로지
1051,NMFC,뉴 마운틴 파이낸스
1052,HLG,하이량 에듀케이션 그룹 ADR
1053,CHCO,시티 홀딩
1054,VUZI,뷰직스
1055,RMR,RMR 그룹
1056,RDWR,라드웨어
1057,BPFH,보스턴 프라이빗 파이낸셜 홀딩
1058,SNEX,Stonex 그룹
1059,IMKTA,잉글스 마케츠 Class A
1060,NVEE,NV5 글로벌
1061,SHYF,시프트그룹
1062,YMAB,Y-Mabs 테라퓨틱스
1063,AVID,애비드 테크놀로지
1064,SSYS,스트라타시스
1065,ACRS,애클래리스 테라퓨틱스
1066,NXGN,넥스트젠 헬스케어
1067,GLNG,골라 LNG
1068,UPLD,업랜드 소프트웨어
1069,PTGX,프로타고니스트 테라퓨틱스
1070,SRCE,퍼스트 소스
1071,ICLK,i클릭 인터렉티브 아시아 그룹 ADR
1072,NRC,내셔널 리서치
1073,WKHS,워크호스 그룹
1074,CDMO,애비드 바이오서비스
1075,NRIX,누릭스 테라퓨틱스
1076,OCSL,오크트리 스페셜티 렌딩
1077,NGMS,네오게임즈
1078,PRCH,포치 그룹 Class A
1079,EPIX,에사 파마
1080,OPRA,오페라 ADR
1081,AGYS,어질리시스
1082,OCUL,오큘라 테라퓨틱스
1083,HMHC,호튼 미플린 하코트
1084,KIDS,오쏘피디아트릭스
1085,TVTY,티비티 헬스
1086,GSKY,그린스카이
1087,RDNT,래드넷
1088,STKL,선옵타
1089,RPTX,리페어 테라퓨틱스
1090,CHEF,셰프스 웨어하우스
1091,QADA,QAD Inc Class A
1092,VNOM,Viper Energy Partners LP Unit
1093,FMTX,포르마 테라퓨틱스 홀딩스
1094,QQQX,누빈 나스닥 100 다이나믹 오버라이트 펀드
1095,PI,임핀지
1096,SYBT,스탁 야즈 뱅코프
1097,ZUMZ,주미에즈
1098,PFC,프리미어 파이낸셜
1099,CEVA,세바
1100,GOGO,고고
1101,ERII,에너지 리커버리
1102,INVA,이노비바
1103,PLYA,플레이야 호텔 & 리조트 NV
1104,PLCE,칠드런스 플레이스
1105,LGO,라르고 리소시스
1106,MNMD,마인드 메디슨
1107,NESR,내셔널 에너지 서비스 리유나이티드
1108,IMOS,칩모스 테크놀로지스 ADR
1109,GEVO,제보
1110,AFMD,아피메드 NV
1111,STOK,스토케 테라퓨틱스
1112,NTGR,넷기어
1113,EBSB,메리디안 뱅코프
1114,CHY,칼라모스 컨버터블 앤드 하이 인컴 펀드
1115,GABC,저먼 아메리칸 뱅코프
1116,PLRX,플리언트 테라퓨틱스
1117,SLP,시뮬레이션스 플러스
1118,SGH,스마트 글로벌 홀딩스
1119,DENN,데니스
1120,IRCP,IRSA 프로피에다데스 코메르시알 SA ADR
1121,VECO,비코 인스트루먼츠
1122,ATRI,에이트리언
1123,TCMD,택타일 시스템 테크놀로지
1124,BATRK,리버티 미디어 Series C(BATRK)
1125,IDEX,아이디어노믹스
1126,CNOB,커넥트원 뱅코프
1127,LASR,N라이트
1128,PNTG,페넌트 그룹
1129,XOG,익스트랙션 오일 & 가스
1130,YQ,17 에듀케이션&테크놀로지 그룹 ADR
1131,KRNY,커니 파이낸셜
1132,CHRS,코히러스 바이오사이언스
1133,OMER,오메로스
1134,FTCI,FTC 솔라
1135,SCWX,시큐어웍스
1136,MDXG,MiMedx Group Inc
1137,CRTX,코르텍심
1138,FFWM,퍼스트 파운데이션
1139,ATRA,아타라 바이오테라퓨틱스
1140,IESC,IES 홀딩스
1141,RYTM,리듬 파머수티컬스
1142,HGEN,휴머니젠
1143,RNLX,Renalytix AI PLC ADR
1144,SCHL,스콜라스틱
1145,HMPT,홈포인트 캐피탈
1146,COWN,코웬 그룹 Class A
1147,PRAX,프락시스 프리시젼 메디신
1148,CHI,Calamos Convertible Opportunities and Income Fund
1149,AFIN,아메리칸 파이낸스 트러스트
1150,GGAL,그루포 피난시에로 갈리시아 SA ADR Class B
1151,FNKO,푼코 Class A
1152,MILE,메트로마일
1153,TRHC,타뷸라 라사 헬스케어
1154,SIBN,SI 본
1155,MERC,머서 인터내셔널
1156,PHAT,팬텀 파마슈티컬스
1157,JRVR,제임스 리버 그룹 홀딩스
1158,CLDX,셀덱스 테라퓨틱스
1159,OBNK,오리진 뱅코프
1160,LMAT,르메이트르 배스큘러
1161,PAHC,피브로 애니멀 헬스 Class A
1162,JBSS,존 비 샌필리포 & 선
1163,FWONA,리버티 미디어 Series A
1164,ALTM,알투스 미드스트림 컴퍼니
1165,PRTA,프로테나
1166,SWBI,스미스&웨슨 브랜드
1167,WETF,위즈덤트리 인베스트먼츠
1168,KNTE,카이네이트 바이오파마
1169,ALGS,앨리고스 테라퓨틱스
1170,ANDE,앤더슨스
1171,HFWA,헤리티지 파이낸셜
1172,LOVE,러브색
1173,MRSN,메르사나 테라퓨틱스
1174,ENTA,에난타 파마슈티컬스
1175,OSPN,원스팬
1176,PLL,피드몬트 리튬 ADR
1177,BLFS,바이오라이프 솔루션스
1178,CERS,세러스
1179,BROG,브루지 에너지
1180,SRRK,스칼러 락 홀딩
1181,DVAX,다이나백스 테크놀로지스
1182,GDEN,골든 엔터테인먼트
1183,MNKD,맨카인드
1184,PFBC,프리퍼드 은행
1185,AUDC,오디오코드
1186,CTRN,시티 트렌즈
1187,CNST,컨스털레이션 파머수티컬스
1188,GNOG,골든너겟 온라인 게이밍 Class A
1189,BOOM,DMC 글로벌
1190,KNSA,키닉사 파머수티컬스 Class A
1191,IIIV,I3 버티칼스 Class A
1192,CRMT,아메리카스 카-마트
1193,RTPYU,Reinvent Technology Partners Y
1194,HERA,FTAC 헤라 애퀴지션 Class A
1195,ZGNX,조제닉스
1196,FTOC,FTAC 올림푸스 애퀴지션 Class A
1197,SBTX,실버백 테라퓨틱스
1198,QNST,퀸스트리트
1199,RBBN,리본 커뮤니케이션
1200,VNDA,반다 파마슈티컬스
1201,APR,아프리아
1202,YI,111 Inc ADR
1203,DMTK,덤테크
1204,VREX,바렉스 이미징
1205,AINV,아폴로 인베스트먼트
1206,TRIL,트릴리움 테라퓨틱스
1207,RDUS,래디우스 헬스
1208,KELYA,켈리 서비스 Class A
1209,LBAI,레이크랜드 뱅코프
1210,PSNL,퍼스날리스
1211,DHC,다이버시파이드 헬스케어
1212,RBCAA,리퍼블릭 뱅코프 Class A
1213,CONX,CONX Class A
1214,BMTC,브린 모우어 은행
1215,RUTH,루스 호스피탤리티 그룹
1216,ECHO,에코 글로벌 로지스틱스
1217,HMST,홈스트리트
1218,SY,소영 인터내셔널 ADR
1219,EBIX,에빅스
1220,APOG,아포지 엔터프라이스
1221,GLDD,그레이트 레이크스 드레지 & 독
1222,DYN,다인 테라퓨틱스
1223,USCR,US 칸크리트
1224,EGLX,인수지애스트 게이밍 홀딩스
1225,BDTX,블랙 다이아몬드 테라퓨틱스
1226,AEGN,애이전
1227,AKRO,아케로 테라퓨틱스
1228,TIG,Trean 인슈런스 그룹
1229,WASH,워싱턴 트러스트 뱅코프
1230,CHUY,추이스 홀딩스
1231,CRIS,큐리스
1232,THRY,쓰리브 홀딩스
1233,ANGO,앤지오다이내믹스
1234,ORBC,오브콤
1235,WRLD,월드 억셉턴스
1236,RADI,라디우스 글로벌 인프라스트럭쳐 Class A
1237,LQDT,리퀴디티 서비스
1238,WPRT,웨스트포트 퓨얼 시스템즈
1239,AXGN,옥소젠
1240,EVER,에버쿼트 Class A
1241,CNTB,코넥트 바이오파마 홀딩스 ADR
1242,AACQ,아르티우스 에퀴지
1243,FDMT,4D 몰큘러 테라퓨틱스
1244,PASG,패시지 바이오
1245,SCR,스코어 미디어 앤 게이밍 Class A
1246,PCVX,Vaxcyte Inc
1247,SCVL,슈 카니발
1248,VOR,보어 바이오파마
1249,ORIC,오릭 파마슈티컬스
1250,NTUS,네이터스 메디컬
1251,AEPPZ,American Electric Power Company Inc
1252,NFBK,노스필드 뱅코프
1253,AMPH,앰퍼스타 파마슈티컬스
1254,UVSP,유니베스트 파이낸셜
1255,NWLI,내셔널 웨스턴 라이프 그룹 Class A
1256,FORR,포레스터 리서치
1257,OFIX,오소픽스 메디컬
1258,LORL,로랄 스페이스 & 커뮤니케이션
1259,STRO,수트로 바이오파머
1260,TELL,텔루리안
1261,NKTX,엔카르타
1262,ADTN,애드트랜
1263,KARO,카루
1264,OLMA,올레마 파마슈티컬
1265,TCPC,블랙록 TCP 캐피털
1266,BOLT,볼트 바이오테라퓨틱스
1267,VITL,바이탈 팜스
1268,VXRT,백스아트
1269,HPK,하이피크에너지
1270,PRDO,퍼도세오 에듀케이션
1271,SKYT,스카이워터 테크놀로지
1272,ITOS,Iteos Therapeutics Inc
1273,ATEX,안테릭스
1274,PTNR,파트너 커뮤니케이션스 ADR
1275,FBMS,퍼스트 뱅크셰어스(미시시피)
1276,INSG,인시고
1277,HSII,하이드릭 & 스트러글스 인터내셔널
1278,STFC,스테이트 오토 파이낸셜
1279,FTOCU,FTAC Olympus Acquisition Corp
1280,CLCT,컬렉터스 유니버스
1281,MESO,메조블라스트 ADR
1282,OPRX,옵티마이즈Rx
1283,ABTX,얼리전스 뱅크셰어스
1284,VIVO,메리디언 바이오사이언스
1285,BVS,바이오벤투스 Class A
1286,HSTM,헬스스트림
1287,TCX,투카우스
1288,VFF,빌리지 팜스 인터내셔널
1289,GTHX,G1 테라퓨틱스
1290,TSHA,타이샤 젠 테라피
1291,HOLI,홀리시스 오토메이션 테크놀로지
1292,UXIN,우신 ADR
1293,HERAU,FTAC Hera Acquisition Corp
1294,RNA,에비디티 바이오사이언스
1295,AFINO,아메리칸 파이낸스 트러스트 Pref SHS Series C
1296,AVXL,애너벡스 라이프 사이언시스
1297,UFCS,유나이티드 파이어 그룹
1298,NCBS,니콜렛 뱅크셰어스
1299,IKNA,아이케나 온콜로지
1300,CTBI,커뮤니티 트러스트 뱅코프
1301,USLM,유나이티드 스테이츠 라임 & 미네랄
1302,PLAB,포트로닉스
1303,UEIC,유니버설 일렉트로닉스
1304,PHVS,파바비스
1305,AEPPL,American Electric Power Company Inc
1306,HBNC,호라이즌 뱅코프
1307,LIND,린드블라드 익스퍼디션스 홀딩스
1308,PHAR,파밍 그룹 ADR
1309,ONEW,원워터 마린 Class A
1310,SCSC,스캔소스
1311,BOMN,보스턴 오마하
1312,AERI,에어리 파마슈티컬스
1313,PAE,PAE Inc Class A
1314,HONE,하버원 뱅코프
1315,LE,랜즈 엔드
1316,CCD,칼라모스 다이나믹 컨버터블 & 인컴 펀드
1317,GSBC,그레이트 서던 뱅코프
1318,SLRC,SLR 인베스트먼트
1319,FMBH,퍼스트미드 뱅크셰어스
1320,ARCT,아크투루스 테라퓨틱스 홀딩스
1321,ALTA,Alta뱅코프
1322,PYR,파이로제네시스 캐나다
1323,TSC,트리스테이트 캐피털 홀딩스
1324,TILE,인터페이스
1325,GDYN,그리드 다이나믹 홀딩스
1326,MGIC,매직 소프트웨어 엔터프라이지스
1327,SP,SP 플러스
1328,MRUS,메루스 NV
1329,OMP,Oasis Midstream Partners LP Unit
1330,SPWH,스포츠맨스 웨어하우스 홀딩스
1331,CBTX,CBTX Inc
1332,LOTZ,카랏츠 Class A
1333,CFB,크로스퍼스트 뱅크셰어
1334,RXDX,프로메테우스 바이오사이언시스
1335,TCRR,TCR2 테라퓨틱스
1336,COLL,콜레지움 파마슈티컬
1337,OSW,원스파월드 홀딩스
1338,VRAY,뷰레이
1339,GRCL,그라셀 바이오테크놀로지스 ADR
1340,ATNI,ATN 인터내셔널
1341,CENT,센트럴 가든 앤드 펫
1342,CONXU,CONX Corp
1343,QCRH,QCR 홀딩스
1344,PRTS,US 오토 파츠 네트워크
1345,GOOD,글래드스톤 커머셜
1346,BCYC,바이시클 테라퓨틱스 ADR
1347,ADAP,어답트이뮨 테라퓨틱스 ADR
1348,SVFA,SVF 인베스트먼트 Class A
1349,AACQU,Artius Acquisition Inc Unit
1350,ANNX,아넥슨
1351,BTWN,브릿지타운 홀딩스 Class A
1352,BTAI,바이오X셀 테라퓨틱스
1353,AOSL,알파 & 오메가 세미콘덕터
1354,SRDX,서모딕스
1355,GGPIU,Gores Guggenheim Inc
1356,HCCI,헤리티지 크리스털 클린
1357,REKR,레코 시스템
1358,FFIC,플러싱 파이낸셜
1359,ARLP,Alliance Resource Partners LP Unit
1360,ETAC,E.Merge 테크놀로지 에퀴지션 Class A
1361,SLN,사일런스 테라퓨틱스 ADR
1362,HTBK,헤리티지 커머스
1363,XENE,제논 파마슈티컬
1364,AGC,알티미터 그로스 Class A
1365,GSM,페로글로브
1366,SKIN,뷰티 헬스 Class A
1367,SNDX,신닥스 파마슈티컬스
1368,CGBD,TCG BDC Inc
1369,SPTN,스파르탄내시
1370,BCOR,블루코라
1371,CMRX,치메릭스
1372,VSTA,바스타 플랫폼 Class A
1373,HLIT,하모닉
1374,KDNY,치누크 테라퓨틱스
1375,SPNE,시스파인 홀딩스
1376,TRST,트러스트코 은행 N Y
1377,OGI,오가니그램 홀딩스
1378,WINA,윈마크
1379,FANH,판후아 ADR
1380,HWKN,호킨스
1381,IMTX,이매틱스 NV
1382,JYNT,조인트
1383,BOWX,보욱스 애퀴지션 Class A
1384,LILA,리버티 라틴 아메리카 Class A
1385,GAN,Gan Ltd
1386,SBNYP,시그니처 뱅크 DEP SHS Series A
1387,HARP,하푼 테라퓨틱스
1388,GRVY,그라비티 ADR
1389,LGAC,라자드 그로우스 애퀴지션 I
1390,SFT,Shift Technologies  Inc.
1391,CAC,캠던 내셔널
1392,TRMD,Torm PLC Class A
1393,LCY,랜드카디아 홀딩스 III Class A
1394,AKYA,아코야 바이오사이언시스
1395,CTLP,칸타루프
1396,CASA,카사 시스템즈
1397,ANAB,어냅티스바이오
1398,OSUR,오라슈어 테크놀로지스
1399,SOHU,소후 닷컴 ADR
1400,BPYU,브룩필드 프라퍼티 리츠 Class A
1401,WTRE,왓포드 홀딩스
1402,ALDX,알데이라 테라퓨틱스
1403,EPZM,에피자임
1404,BLBD,블루 버드
1405,XENT,인터섹트 ENT
1406,CALT,Calliditas 테라퓨틱스 AB ADR
1407,PDFS,PDF 솔루션스
1408,VBIV,VBI 백신
1409,ABST,Absolute Software Corp
1410,VIACP,비아콤 CBS Convertible Preference SHS Series A
1411,ULH,유니버설 로지스틱스 홀딩스
1412,GRSV,고레스 홀딩스 V
1413,MAXN,맥시온솔라테크놀로지스
1414,KOPN,코핀
1415,ATHA,아티라 파머
1416,QIWI,키위 ADR Class B
1417,CLLS,셀렉티스 ADR
1418,PEBO,피플스 뱅코프
1419,CASS,캐스 인포메이션 시스템즈
1420,STRL,스털링 컨스트럭션 컴퍼니
1421,HIFS,힝엄 인스티튜션 포 세이빙스
1422,HAFC,한미 파이낸셜
1423,AMSWA,아메리칸 소프트웨어 Class A
1424,DBVT,DBV 테크놀로지스 SA ADR
1425,RMNI,리미니 스트리트
1426,MITK,마이텍 시스템즈
1427,VINP,빈치 파트너스 인베스트먼츠 Class A
1428,ARDX,아델릭스
1429,CURI,Curiositystream Inc.
1430,BTWNU,Bridgetown Holdings Ltd
1431,MSBI,미드랜드 스테이츠 뱅코프
1432,CMLF,CM 라이프 사이언시스 Class A
1433,HIII,허드슨 이그제큐티브 인베스트먼트 III Class A
1434,MUDS,뮤드릭 캐피털 어퀴지션 II Class A
1435,CNSL,컨솔리데이티드 커뮤니케이션스
1436,ZIOP,지오팜 온콜로지
1437,LXRX,렉시콘 파마슈티컬스
1438,OXLC,옥스포드 레인 캐피털
1439,ALLT,앨럿
1440,LMACA,리버티 미디어 애퀴지션 Series A
1441,YORW,요크 워터
1442,ISEE,아이베릭 바이오
1443,INBX,인히브릭스
1444,GOSS,고사머 바이오
1445,ORTX,오차즈 테라퓨틱스 ADR
1446,BGFV,빅 5 스포팅 구즈
1447,KDMN,Kadmon Holdings Inc
1448,VERI,베리톤
1449,TMDX,트랜스메딕스 그룹
1450,BOWXU,BowX Acquisition Corp
1451,DXPE,DXP 엔터프라이지스
1452,SVFAU,SVF Investment Corp
1453,CRNX,크리네틱스 파머수티컬스
1454,AGCUU,Altimeter Growth Corp
1455,NEWT,뉴텍 비즈니스 서비스
1456,IDYA,아이디야 바이오사이언스
1457,CFIV,CF 애퀴지션 IV Class A
1458,WIFI,보잉고 와이어리스
1459,CGEN,컴퓨젠
1460,CARA,카라 테라퓨틱스
1461,TWCTU,TWC Tech Holdings II Corp
1462,CHW,Calamos Global Dynamic Income Fund
1463,RLMD,렐마다 테라퓨틱스
1464,PGC,피팩 글래드스턴 파이낸셜
1465,FOSL,파슬 그룹
1466,LOCO,엘 폴로 로코 홀딩스
1467,QTT,쿠토우샤오 ADR Class A
1468,CLSK,클린스파크
1469,PETS,펫메드 익스프레스
1470,RICK,RCI 호스피탤리티 홀딩스
1471,CONN,콘스
1472,LBC,루터 버뱅크
1473,NSSC,냅코 시큐리티 테크놀로지스
1474,CRAI,CRA 인터내셔널
1475,MUDSU,뮤드릭 캐피털 어퀴지션 Unit
1476,EBON,이방인터내셔널홀딩스 Class A
1477,ETACU,E.Merge Technology Acquisition Corp
1478,THFF,퍼스트 파이낸셜
1479,SCOA,사이온 테크 그로스 I Class A
1480,CMTL,컴테크 텔레커뮤니케이션스
1481,FNCH,핀테크 테라뷰틱스
1482,KPTI,카료팜 테라퓨틱스
1483,LMACU,Liberty Media Acquisition Corp
1484,CHSCO,CHS Pref SHS 클래스 B
1485,HBANO,헌팅턴 뱅크셰어스 DEP SHS Series D
1486,SLAM,슬램 Class A
1487,ATRS,안타레스 파마
1488,AMTB,아머란트 뱅코프 Class A
1489,CCRN,크로스 컨트리 헬스케어
1490,RADA,라다 일렉트로닉 인더스트리스
1491,EOSE,이오스에너지 엔터프라이시스 Class A
1492,POWW,애모 뮤니션스
1493,KVSC,코슬라 벤쳐 애퀴지션 III Class A
1494,CATC,케임브리지 뱅코프
1495,KALV,칼비스타 파머수티컬스
1496,RUSHB,러시 엔터프라이즈 Class B
1497,HIIIU,Hudson Executive Investment Corp III
1498,INAQ,인수 애퀴지션 II
1499,GSEV,고어스 홀딩스 VII Class A
1500,LCYAU,Landcadia Holdings III Inc
1501,CLAR,클라루스
1502,MGTX,메이라 GTx 홀딩스
1503,CHSCL,CHS Pref SHS 시리즈 4
1504,CLVS,클로비스 온콜로지
1505,LAND,글래드스톤 랜드
1506,TARS,타서스 파마슈티컬스
1507,MSDAU,MSD Acquisition Corp
1508,ESPR,에스페리언 테라퓨틱스
1509,ANIK,아니카 테라퓨틱스
1510,CMLTU,CM Life Sciences III Inc
1511,CSTE,시저스톤
1512,CDXC,크로마덱스
1513,AROW,애로우 파이낸셜
1514,DGII,디지 인터내셔널
1515,BIOX,바이오케레스 크랍 솔루션즈
1516,BBSI,바렛 비지니스 서비스
1517,ACHL,아킬리즈 테라퓨틱스 PLC ADR
1518,ALBO,알비레오 파마
1519,IIVIP,투식스 Convertible Pref SHS Series A
1520,SCOAU,Scion Tech Growth I
1521,AGEN,아제너스
1522,VERU,베루
1523,TLMD,Soc 텔레메드 Class A
1524,TITN,타이탄 머시너리
1525,LGACU,Lazard Growth Acquisition Corp I
1526,SLAMU,Slam Corp
1527,GFN,제네럴 파이낸스
1528,VAQC,벡터 애퀴지션 II Class A
1529,DHIL,다이아몬드 힐 인베스트먼트 그룹 Class A
1530,BCOV,브라이트코브
1531,CMLFU,CM Life Sciences Inc
1532,JOAN,조안
1533,ICPT,인터셉트 파마슈티컬스
1534,MCFT,마스터크래프트 보트 홀딩스
1535,EGLE,이글 벌크 쉬핑
1536,AGNCP,AGNC 인베스트먼트 DEF SHS Series F
1537,BTBT,골든 불
1538,TGLS,테크노글래스
1539,SIGA,시가 테크놀로지스
1540,HAAC,헬스 어슈어런스 애퀴지션 Class A
1541,IVA,인벤티바 SA ADR
1542,BFC,뱅크 퍼스트
1543,RIGL,리겔 파마슈티컬스
1544,ACBI,애틀랜틱 캐피털 뱅크셰어스
1545,OPRT,오포툰 파이낸셜
1546,HAACU,Health Assurance Acquisition Corp
1547,VSEC,VSE Corp
1548,ADAG,아다진 ADR
1549,DLTH,덜루스 홀딩스 Class B
1550,AWH,아스피라 우먼 헬스
1551,GRSVU,Gores Holdings V Inc
1552,APEI,아메리칸 퍼블릭 에듀케이션
1553,RRGB,레드 로빈 고메 버거스
1554,CUTR,큐테라
1555,CHSCM,CHS Pref SHS 시리즈 3
1556,FCBC,퍼스트 커뮤니티 뱅크셰어스
1557,ATLC,아틀란티커스 홀딩스
1558,NDLS,누들스
1559,IMXI,인터네셔널 머니 익스프레스
1560,MIRM,미럼 파마슈티컬스
1561,GILT,길라트 새털라이트 네트웍스
1562,ITRN,이투란 로케이션 앤 콘트롤
1563,MBWM,머컨틸 은행
1564,KE,킴볼 일렉트로닉스
1565,FLIC,퍼스트 오브 롱 아일랜드
1566,LKCO,루오쿵 테크놀러지
1567,CLFD,클리어필드
1568,EGRX,이글 파마슈티컬스
1569,ACTC,아크라이트 클린 트랜지션 Class A
1570,CTMX,사이톰엑스 테라퓨틱스
1571,BHFAN,브라이트하우스 파이낸셜 DEP SHS Series C
1572,SWIR,시에라 와이어리스
1573,ADN,어드벤트 테크놀로지스 홀딩스 Class A
1574,SABRP,세이버 Convertible Pref SHS Series A
1575,ASLE,에어세일
1576,FREE,홀 얼쓰 글로벌 브랜드 Class A
1577,DMLP,Dorchester Minerals LP Unit
1578,PERI,페리언 네트워크
1579,PSTX,포세이다 테라퓨틱스
1580,RAPT,랩트 테라퓨틱스
1581,TRIT,트리테라스 Class A
1582,AMOT,얼라이드 모션 테크놀로지스
1583,FISI,파이낸셜 인스티튜션스
1584,KVSA,코슬라 벤처스 애퀴지션 Class A
1585,CFIVU,CF Acquisition IV Corp
1586,FRPH,FRP 홀딩스
1587,GMTX,제미니 테라퓨틱스 Class A
1588,IBCP,인디펜던트 은행(미시건)
1589,DMRC,디지마크
1590,RMGC,RMG 애퀴지션 III Class A
1591,MGI,머니그램 인터내셔널
1592,HEC,허드슨 이그제큐티브 인베스트먼트 Class A
1593,MGTA,마젠타 테라퓨틱스
1594,FITBI,피프스 서드 뱅코프 DEP SHS Series I
1595,SNRH,시니어 커넥트 애퀴지션 I Class A
1596,XBIT,X바이오텍
1597,ANZU,앤주 스페셜 애퀴지션 I Class A
1598,AMAL,아말게이티드 뱅크
1599,HBANP,헌팅턴 뱅크셰어스 DEP SHS Series H
1600,HMTV,헤미스피어 미디어 그룹 Class A
1601,MAAC,몬테스 아르키메데스 Class A
1602,REVHU,Revolution Healthcare Acquisition Corp
1603,KVSB,코슬라 벤쳐 애퀴지션 II Class A
1604,OTRK,온트랙
1605,SLDB,솔리드 바이오사이언스
1606,SIFY,사이피 테크놀러지 ADR
1607,DISCB,디스커버리 홀딩스 Series B
1608,VIOT,비오미 테크놀러지 ADR
1609,DGNU,드래고니어 그로스 오퍼튜니티스 III Class A
1610,MOFG,미드웨스트원 파이낸셜 그룹
1611,SVAC,스타보드 밸류 애퀴지션 Class A
1612,DSKE,다세케
1613,LCAHU,Landcadia Holdings II Inc Unit
1614,EVLO,이벨로 바이오사이언스
1615,WSBF,워터스톤 파이낸셜
1616,MRNS,매리너스 파마슈티컬스
1617,ALRS,앨러루스 파이낸셜
1618,FINM,말린 테크놀로지 Class A
1619,GHVI,고레스 홀딩스 VI Class A
1620,GTPB,고어스 테크놀로지 파트너스 II Class A
1621,ACTCU,ArcLight Clean Transition Corp
1622,EPHY,에피퍼니 테크노롤지 애퀴지션 Class A
1623,CLMT,Calumet Specialty Products Partners LP Unit
1624,CTAQ,카니 테크놀로지 애퀴지션 II Class A
1625,BWB,브릿지워터 뱅크쉐어스
1626,HBT,HBT 파이낸셜
1627,SSPK,실버 스파이크 어퀴지션 Class A
1628,GMII,고어스 메트로풀로스 II Class A
1629,NBTX,나노바이오틱스 ADR
1630,ACQRU,Independence Holdings Corp
1631,BFST,비즈니스 퍼스트 뱅크쉐어스
1632,HCKT,해켓 그룹
1633,ZYXI,지넥스
1634,SMMT,서밋 테라퓨틱스 ADR
1635,PFLT,페넌트파크 플로팅 레이팅 캐피탈
1636,DCRN,디카보니제이션 플러스 애퀴지션 II Class A
1637,INAQU,Insu Acquisition Corp II
1638,QMCO,퀀텀
1639,ATER,아테리안
1640,SSPKU,Silver Spike Acquisition Corp Unit
1641,BMEA,바이오미아 퓨전
1642,PACX,파이어니어 머저 Class A
1643,CCAP,크레센트 캐피탈 BDC
1644,BRY,베리 코퍼레이션
1645,VSTM,베라스템
1646,COOL,코너 그로스 애퀴지션 Class A
1647,RGP,리소스 커넥션
1648,NPCE,뉴로페이스
1649,GNTY,개런티 뱅크셰어스
1650,MTEM,몰레큘러 템플리츠
1651,RMGCU,RMG Acquisition Corp III
1652,BYRN,버나 테크놀로지스
1653,CPRX,캐털리스트 파마슈티컬스
1654,ETNB,89Bio Inc
1655,CSWC,캐피털 사우스웨스트
1656,GSEVU,Gores Holdings VII Inc
1657,AKBA,아케비아 테라퓨틱스
1658,DTIL,프리사이젼 바이오사이언스
1659,CSSE,치킨 수프 포 더 소울 엔터 Class A
1660,GNUS,지니어스 브랜즈 인터내셔널
1661,ALT,알티뮨
1662,BMRC,뱅크 오브 마린 뱅코프
1663,RBNC,릴라이언트 뱅코프
1664,FMNB,파머스 내셔널 은행
1665,WLDN,윌댄 그룹
1666,NLTX,네오루킨 테라퓨틱스
1667,CLNN,클렌
1668,PKOH,파크-오하이오 홀딩스
1669,RCEL,아비타 메디컬
1670,TRUE,트루카
1671,WIMI,와이마이 홀로그램 클라우드 ADR
1672,RCKY,로키 브랜즈
1673,ESGRP,엔스타 그룹 DEP SHS Series D
1674,VECT,벡티브바이오 홀딩 AG
1675,HOFT,후커 퍼니처
1676,NAAC,노스 애틀랜틱 애퀴지션 Class A
1677,BHFAP,브라이트하우스 파이낸셜 DEP SHS Series A
1678,CHSCN,CHS Pref SHS 시리즈 2
1679,SPPI,스펙트럼 파마슈티컬스
1680,AKTS,아쿠스티스 테크놀러지
1681,NGAC,넥스트젠 애퀴지션 Class A
1682,OYST,오이스터 포인트 파마
1683,SVA,시노백 바이오테크
1684,KBAL,킴볼 인터내셔널 Class B
1685,GTPBU,Gores Technology Partners II Inc
1686,MVBF,MVB 파이낸셜
1687,AVDL,아바델 파마슈티컬스 ADR
1688,HTBI,홈트러스트 뱅크셰어스
1689,ACGLP,아치 캐피털 그룹 DEP SHS Series E
1690,GIGGU,GigCapital4 Inc
1691,GAIN,글래드스톤 인베스트먼트
1692,PLSE,펄스 바이오사이언스
1693,GTBP,GT 바이오파마
1694,AXDX,엑셀러레이트 다이아그노스틱스
1695,VACC,백시테크 PLC ADR
1696,LSXMB,리버티 미디어 Series B
1697,BNFT,베네핏포커스
1698,CDZI,카디즈
1699,HOOK,후키파 파마
1700,WTBA,웨스트 뱅코프
1701,APXT,아펙스 테크놀로지 어퀴지션 Class A
1702,KIRK,커클랜드
1703,DZSI,다산 존 솔루션즈
1704,ACET,에이디셋바이오
1705,NEXI,넥스이뮨
1706,VKTX,바이킹 테라퓨틱스
1707,AMTX,에이메티스
1708,CPSI,컴퓨터 프로그램스 & 시스템즈
1709,PNNT,페넌트파크 인베트스트먼트
1710,TBCP,선더 브릿지 캐피털 파트너스 III Class A
1711,AKUS,아쿠오스
1712,LEGH,레가시 하우징
1713,FTHM,Fathom Holdings Inc
1714,MPAA,모터카 파츠 오브 아메리카
1715,ANIP,ANI 파마슈티컬스
1716,XONE,엑스원
1717,CAMP,캘앰프
1718,GIG,긱캐피털4
1719,PRVB,프로벤션 바이오
1720,SESN,세센 바이오
1721,APLT,어플라이드 테라퓨틱스
1722,LSEA,랜드시 홈스
1723,BBCP,콘크리트 펌핑 홀딩스
1724,JOFF,조프 핀테크 애퀴지션 Class A
1725,MOGO,모고
1726,CHNGU,Change Healthcare Inc Unit
1727,EQBK,에퀴티 뱅크셰어스
1728,OHPA,오리온 애퀴지션 Class A
1729,PRTH,프라이오리티 테크놀러지 홀딩스
1730,HECCU,Hudson Executive Investment Corp Unit
1731,BTAQ,버건지 테크놀로지 애퀴지션 Class A
1732,ACIU,AC 이뮨 SA
1733,CCBG,캐피털 시티 뱅크 그룹
1734,TXMD,테라퓨틱스MD
1735,NTRSO,노던 트러스트 DEP SHS Series E
1736,GLSI,그리니치 라이프사이언스
1737,MAACU,Montes Archimedes Acquisition Corp
1738,CSTR,캡스타 파이낸셜 홀딩스
1739,LABP,랜도스 바이오파마
1740,THBR,썬더 브릿지 에퀴지션II Class A
1741,LUXA,룩스 헬스 테크 애퀴지션 Class A
1742,RAIN,레인 테라퓨틱스
1743,FLMN,팔콘 미네랄스 Class A
1744,FBRX,포르테 바이오사이언스
1745,IBEX,아이벡
1746,APTO,앱토스 바이오사이언시스
1747,BSRR,시에라 뱅코프
1748,FCAC,팔콘 캐피탈 애퀴지션 Class A
1749,GBLI,글로벌 아이뎀니티 Class A
1750,RBB,RBB 뱅코프
1751,CCNE,CNB 파이낸셜
1752,EBTC,엔터프라이즈 뱅코프
1753,RMGB,Rmg 애퀴지션 II Class A
1754,VTIQ,벡토IQ 애퀴지션 II Class A
1755,GERN,제론
1756,ALTO,알토 인그리디언츠
1757,SPFI,사우스 플레인 파이낸셜
1758,FDUS,파이더스 인베스트먼트
1759,IGIC,인터내셔널 제네럴 인슈런스 홀딩스
1760,YJ,윤지 ADR Class A
1761,POWL,파월 인더스트리스
1762,ICAD,아이캐드
1763,GHVIU,Gores Holdings VI Inc
1764,ANGN,엔지온 바이오메디카
1765,MCBS,메트로시티 뱅크셰어즈
1766,ERES,이스트 리소시스 에퀴지션 Class A
1767,GMBT,퀸스 갬빗 그로스 캐피털 Class A
1768,QELL,켈 애퀴지션 Class A
1769,CENH,센트리쿠스 애퀴지션 Class A
1770,ARAY,애큐레이
1771,KURI,알쿠리 글로벌 애퀴지션 Class A
1772,ANZUU,Anzu Special Acquisition Corp I
1773,HEAR,터틀 비치
1774,PPGH,포에마 글로벌 홀딩스 Class A
1775,DHHC,다이아몬드헤드 홀딩스 Class A
1776,CNBKA,센추리 뱅코프 Class A
1777,HAYN,헤인스 인터내셔널
1778,SLCR,실버 크레스트 애퀴지션 Class A
1779,SNRHU,Senior Connect Acquisition Corp I
1780,THCB,투스칸 홀딩스
1781,NATR,네이처스 선샤인 프로덕츠
1782,MDVL,메다배일 홀딩스
1783,DJCO,데일리 저널
1784,JOFFU,JOFF Fintech Acquisition Corp
1785,SFST,서던 퍼스트 뱅크셰어스
1786,VOXX,VOXX 인터내셔널 Class A
1787,FINMU,Marlin Technology Corp
1788,SVACU,Starboard Value Acquisition Corp
1789,CVGI,커머셜 비히클 그룹
1790,TBCPU,Thunder Bridge Capital Partners III Inc
1791,OHPAU,Orion Acquisition Corp
1792,ATRO,아스토닉스
1793,SGTX,시질론 테라퓨틱스
1794,CTAQU,Carney Technology Acquisition Corp. II
1795,ATCX,아틀라스 테크니컬 컨설턴트
1796,EPHYU,Epiphany Technology Acquisition Corp
1797,PROF,프로파운드 메디컬
1798,GMIIU,Gores Metropoulos II Inc
1799,OSBC,올드 세컨드 뱅코프
1800,DCRNU,Decarbonization Plus Acquisition Corporation II
1801,UFPT,UFP 테크놀로지스
1802,APXTU,Apex Technology Acquisition Corp Unit
1803,VACQ,벡터 애퀴지션 Class A
1804,JNCE,자운스 테라퓨틱스
1805,AGNCO,AGNC 인베스트먼트 DEF SHS Series E
1806,TACO,델 타코 레스토랑
1807,SGC,슈페리어 유니폼 그룹
1808,RRBI,레드 리버 뱅크쉐어
1809,COOLU,Corner Growth Acquisition Corp
1810,AMYT,Amryt 파마 홀딩스 ADR
1811,SEEL,실로스 테라퓨틱스
1812,PACXU,Pioneer Merger Corp
1813,CPZ,Calamos Long/Short Equity & Dynamic Income Trust
1814,TCVA,TCV 애퀴지션 Class A
1815,TERN,턴스 파마슈티컬스
1816,ITIC,인베스터스 타이틀
1817,CDAK,코디악 바이오사이언스
1818,MRAC,말퀴 레인 애퀴지션 Class A
1819,URGN,우로젠 파마
1820,ZIXI,직스
1821,THCBU,Tuscan Holdings Corp Unit
1822,MSGM,모터스포츠 게임즈 Class A
1823,SIEN,시엔트라
1824,AMSC,아메리칸 수퍼컨덕터
1825,AXTI,AXT Inc
1826,HCAR,헬스케어 서비시스 애퀴지션 Class A
1827,ATNX,아테넥스
1828,GMDA,가미다 셀
1829,GRTS,그릿츠스톤 온콜로지
1830,NODK,NI 홀딩스
1831,BHFAO,브라이트하우스 파이낸셜 DEP SHS Series B
1832,SVFC,SVF 인베스트먼트 3 Class A
1833,FSRV,핀서브 어퀴지션 Class A
1834,PRSR,프로스펙터 캐피탈 Class A
1835,CZNC,시티즌스 & 노던
1836,SOLO,일렉트라맥케니카 비히클스
1837,TRIN,트리니티 캐피탈
1838,FSBC,파이브 스타 뱅코프
1839,STXB,스피릿 오브 텍사스 뱅크쉐어스
1840,OCX,온코사이트
1841,ONCR,온코러스
1842,MESA,메사 에어 그룹
1843,QELLU,Qell Acquisition Corp.
1844,ITMR,이타마르 메디컬 ADR
1845,KNDI,칸디 테크놀로지스 그룹
1846,DRRX,듀렉트
1847,PBYI,퓨마 바이오테크놀러지
1848,GBOX,그린박스 포스
1849,BYSI,비욘드스프링
1850,NGACU,Nextgen Acquisition Corp
1851,FCBP,퍼스트 초이스 뱅코프
1852,THBRU,Thunder Bridge Acquisition II Ltd Unit
1853,INZY,Inozyme Pharma Inc
1854,HMCO,휴먼코 애퀴지션 Class A
1855,FWAA,피프스 월 애퀴지션 I Class A
1856,SSAA,사이언스 스트래터직 애퀴지션 Class A
1857,AMNB,아메리칸 내셔널 뱅크셰어스
1858,TA,트래블센터스 오브 아메리카
1859,NGCAU,NextGen Acquisition II Corp
1860,CLPT,클리어포인트 뉴로
1861,RAAC,레볼루션 액셀러레이션 애퀴지션 Class A
1862,SMBC,서던 미주리 뱅코프
1863,EOLS,에볼러스
1864,BDSX,바이오데식스
1865,HOL,홀리시티
1866,MRACU,Marquee Raine Acquisition Corp
1867,VIRX,비락타 테라퓨틱스
1868,TSIA,TS 이노베이션 애퀴지션스 Class A
1869,NAACU,North Atlantic Acquisition Corp
1870,SPRO,스페로 테라퓨틱스
1871,CVLG,코버넌트 로지스틱 그룹 Class A
1872,DGICA,도니골 그룹 Class A
1873,QTNT,코우션트
1874,GTX,가렛 모션
1875,LLNW,라임라이트 네트웍스
1876,AOUT,아메리칸 아웃도어 브랜드
1877,PRQR,프로QR 테라퓨틱스 NV
1878,RSVA,로저스 실리콘 밸리 애퀴지션
1879,BTNB,브릿지타운 2 홀딩스 Class A
1880,HOWL,웨어울프 테라퓨틱스
1881,HCIC,헤네시 캐피털 인베스트먼트 V Class A
1882,FHTX,포그혼 테라퓨틱스
1883,VMD,Viemed 헬스케어
1884,GIIX,고어스 홀딩스 VIII Class A
1885,HYAC,헤이메이커 어퀴지션 코프 II Class A
1886,PAVM,파브메드
1887,MEIP,MEI 파머
1888,CHPM,CHP 머저 Class A
1889,PFDR,패스파인더 애퀴지션 Class A
1890,VRA,베라 브래들리
1891,GPAC,글로벌 파트너 애퀴지션 II Class A
1892,SIVBP,SVB 파이낸셜 그룹 DEP SHS REP 1/40 5.25%
1893,OTLK,아웃룩 테라퓨틱스
1894,GWRS,글로벌 워터 리소스
1895,TWLV,트웨브 시즈 인베스트먼트 II Class A
1896,FBIO,포트리스 바이오텍
1897,PPTA,퍼페투아 리소시스
1898,ALTU,앨티튜드 애퀴지션 Class A
1899,EZPW,이즈코프 Class A
1900,VTGN,비스타젠 테라퓨틱스
1901,SOLY,솔리톤
1902,SBEA,실버박스 엔게이지드 머저 I Class A
1903,FTCV,핀테크 애퀴지션 V Class A
1904,CIVB,시비스타 뱅크셰어스
1905,GLAD,글래드스톤 캐피털
1906,MDCA,MDC 파트너스 Class A
1907,IGAC,IG 애퀴지션 Class A
1908,PLMI,플럼 애퀴지션 I Class A
1909,FUSN,퓨전 파마슈티컬
1910,NVEC,NVE Corp
1911,FLXN,플렉션 테라퓨틱스
1912,XPDI,파워 & 디지털 인프라스트럭쳐 애퀴지션 Class A
1913,SCOB,사이온 테크 그로우스 II Class A
1914,VLGEA,빌리지 슈퍼 마켓 Class A
1915,COLI,콜리시티 Class A
1916,NDAC,나이트 드래곤 애퀴지션 Class A
1917,AQB,아쿠아바운티 테크놀로지스
1918,ENNV,ECP 인바이론멘털 임팩트 애퀴지션 Class A
1919,CARE,카터 뱅크 & 트러스트
1920,SCLE,브로드스캐일 애퀴지션 Class A
1921,TSIB,티쉬먼 스페이어 이노베이션 II Class A
1922,FTIV,핀테크 애퀴지션 Class A
1923,AMRK,A-마크 프레셔스 메탈스
1924,IRMD,아이라디메드
1925,BTAQU,Burgundy Technology Acquisition Corp
1926,MTRX,매트릭스 서비스
1927,SSSS,수터 록 캐피탈
1928,JCIC,잭 크릭 인베스트먼트 Class A
1929,OEPW,원 에퀴티 파트너스 오픈 워터 Class A
1930,RXRA,RXR 애퀴지션 Class A
1931,GXGX,GX 에퀴지션 Class A
1932,OPT,Opthea Ltd
1933,PSAG,프로퍼티 솔루션즈 애퀴지션 II Class A
1934,CHSCP,CHS Pref SHS 8% (누적 고정배당식)
1935,AVRO,아브로바이오
1936,LNDC,랜덱
1937,SMBK,스마트파이낸셜
1938,GLBL,카르테시안 그로스 Class A
1939,DHCA,DHC 애퀴지션 Class A
1940,ACAH,아틀란틱 코스탈 애퀴지션 Class A
1941,CMII,CM 라이프 사이언스 II Class A
1942,TRNS,트랜스캣
1943,QRTEB,큐레이트 리테일 Series B
1944,SSTI,샷스포터
1945,FRST,프리미스 파이낸셜
1946,SPRB,스프루스 바이오사이언시스
1947,BSPE,비스포크 캐피탈 애퀴지션 Class A
1948,CNTY,센추리 카지노스
1949,FCACU,Falcon Capital Acquisition Corp
1950,PTOC,파인 테크놀로지 애퀴지션 Class A
1951,CBAT,CBAK 에너지 테크놀러지
1952,ADVM,애드베럼 바이오테크놀로지스
1953,SNSE,센세이 바이오테라퓨틱스
1954,LUXAU,Lux Health Tech Acquisition Corp
1955,ATAX,America First Multifamily Investors LP Unit
1956,INDT,인더스 리얼티 트러스트
1957,ZEUS,올림픽 스틸
1958,DTOC,디지털 트랜스포메이션 오퍼튜니티스 Class A
1959,ENFA,890 5th 애비뉴 파트너스 Class A
1960,AUTL,오토러스 테라퓨틱스 ADR
1961,RPHM,리네오 파마슈티컬스
1962,LUNA,루나 이노베이션스
1963,ATOM,아토메라
1964,CRESY,크레수드 SACIF ADR
1965,RMGBU,Rmg Acquisition Corporation II
1966,AGLE,애글리아 바이오 테라퓨틱스
1967,FIXX,호몰로지 메디슨
1968,SENEA,세네카 푸즈 Class A
1969,MREO,메레오 바이오파마 그룹 ADR
1970,CTSO,사이토소벤츠
1971,TNXP,토닉스 파마슈티컬스 홀딩
1972,HUIZ,후이쩌 홀딩 ADR
1973,HCICU,Hennessy Capital Investment Corp V
1974,BSET,바셋 퍼니처 인더스트리스
1975,FRGI,피에스타 레스토랑 그룹
1976,LBTYB,리버티 글로벌 Class B
1977,RSVAU,Rodgers Silicon Valley Acquisition Corp
1978,CMIIU,CM Life Sciences II Inc
1979,XOMA,조마
1980,WALDU,Waldencast Acquisition Corp
1981,VTIQU,벡토IQ 애퀴지션 II Unit
1982,FREQ,프리퀀시 테라퓨틱스
1983,DCRCU,Decarbonization Plus Acquisition Corporation III
1984,ENNVU,ECP Environmental Growth Opportunities Corp
1985,XPDIU,Power & Digital Infrastructure Acquisition Corp
1986,GIIXU,Gores Holdings VIII Inc
1987,CCB,코스탈 파이낸셜
1988,KLAQ,KL 애퀴지션 Class A
1989,CLRM,클래림 애퀴지션 Class A
1990,TETCU,Tech & Energy Transition Corp
1991,GMBTU,Queens Gambit Growth Capital
1992,ERESU,East Resources Acquisition Co Unit
1993,IPLDP,인터스테이트 파워 & 라이트 Pref SHS Series D
1994,ARTNA,아르테시안 리소시스
1995,COLIU,Colicity Inc
1996,LOOP,룹 인더스트리
1997,ACGLO,아치 캐피털 그룹 DEP SHS Series F
1998,SPKE,스파크 에너지 Class A
1999,NDACU,Nightdragon Acquisition Corp
2000,ATHX,애더시스
2001,PPGHU,Poema Global Holdings Corp
2002,SCOBU,ScION Tech Growth II
2003,FULC,풀크럼 테라퓨틱스
2004,DSPG,DSP 그룹
2005,KRT,카랫 패키징
2006,GLBLU,Cartesian Growth Corp
2007,SBEAU,SilverBox Engaged Merger Corp I
2008,RXRAU,RXR Acquisition Corp
2009,PTOCU,Pine Technology Acquisition Corp
2010,CENHU,Centricus Acquisition Corp
2011,LEGAU,Lead Edge Growth Opportunities Ltd
2012,SCLEU,Broadscale Acquisition Corp
2013,FLDM,플루다임
2014,VACQU,Vector Acquisition Corp
2015,DHHCU,DiamondHead Holdings Corp
2016,SLCRU,Silver Crest Acquisition Corp
2017,PCYO,퓨어 사이클
2018,FORA,포리안
2019,NCMI,내셔널 시네미디어
2020,SYRS,시로스 파마슈티컬스
2021,INBK,퍼스트 인터넷 뱅코프
2022,KURIU,Alkuri Global Acquisition Corp
2023,PRTG,포티지 바이오테크
2024,AFIB,아쿠투스 메디컬
2025,KINZ,킨스 테크놀로지 그룹 Class A
2026,KALA,칼라 파머수티컬스
2027,PRTK,파라텍 파마슈티컬스
2028,NEBC,네뷸라 카라벨 애퀴지션 Class A
2029,FSRVU,Finserv Acquisition Corp Unit
2030,SDAC,서스테이너블 디벨롭먼트 애퀴지션 I Class A
2031,STIM,뉴로네틱스
2032,PSAC,프로퍼티 솔루션스 애퀴지션
2033,TIPT,팁트리
2034,CRDF,카디프 온콜로지
2035,MCBC,마카타와 은행
2036,LTRPA,리버티 트립어드바이저 홀딩스 Series A
2037,GP,GreenPower Motor Company Inc
2038,KAIR,카이로스 애퀴지션 Class A
2039,TMKR,테이스트메이커 애퀴지션 Class A
2040,SELB,셀렉타 바이오사이언스
2041,LCUT,라이프타임 브랜즈
2042,AGNCN,AGNC 인베스트먼트 DEF SHS Series C
2043,MHLD,메이든 홀딩스
2044,HBCP,홈 뱅코프
2045,POW,파워드 브랜즈 Class A
2046,EAC,에디파이 애퀴지션 Class A
2047,SWET,애슬론 애퀴지션 Class A
2048,MACQ,MCAP 애퀴지션 Class A
2049,THTX,테라테크놀로지
2050,BYTSU,BYTE Acquisition Corp
2051,IIII,인수 애퀴지션 III Class A
2052,FORE,포사이트 애퀴지션 Class A
2053,PMGM,프리베테라 애퀴지션 Class A
2054,LMNR,리모네이라
2055,DTOCU,Digital Transformation Opportunities Corp
2056,PLPC,프리폼드 라인 프로덕츠
2057,HCCC,헬스케어 캐피털 Class A
2058,YELL,옐로우
2059,CUE,큐 바이오파머
2060,HCARU,Healthcare Services Acquisition Corp
2061,CELC,셀큐이티
2062,TSIAU,TS Innovation Acquisitions Corp
2063,HMCOU,HumanCo Acquisition Corp
2064,KSMTU,Kismet Acquisition One Corp
2065,PTSI,P.A.M. 트랜스포테이션 서비스
2066,PRSRU,Prospector Capital Corp
2067,FLXS,플렉스스틸 인더스트리스
2068,SURF,서페이스 온콜로지
2069,FNLC,퍼스트 뱅코프
2070,PFDRU,Pathfinder Acquisition Corp
2071,HOFV,홀 오브 페임 리조트 & 엔터테인먼트
2072,UTME,U타임
2073,FOREU,Foresight Acquisition Corp
2074,VRNA,베로나 파마 ADR
2075,SMMF,서밋 파이낸셜 그룹
2076,JFIN,쟈인 그룹 ADR
2077,KRNL,커넬 그룹 홀딩스 Class A
2078,FCNCP,퍼스트 시티즌스 뱅크셰어스 DEP SHS Sereis A
2079,HOLUU,Holicity Inc
2080,FUV,아키모토
2081,FLL,풀 하우스 리조트
2082,ORMP,오라메드 파마슈티컬스
2083,PUCK,골 애퀴지션
2084,SDACU,Sustainable Development Acquisition I Corp
2085,HRZN,호라이즌 테크놀로지 파이낸스
2086,APYX,에이픽스메디컬
2087,PUYI,퓨이 ADR
2088,UTMD,유타 메디컬 프로덕츠
2089,HLAH,해밀턴 레인 얼라이언스 홀딩스 I Class A
2090,XNET,쉰레이 ADR
2091,HBMD,하워드 뱅코프
2092,MSON,미소닉스
2093,WHF,화이트호스 파이낸스
2094,FRLN,프리라인 테라퓨틱스 홀딩스 ADR
2095,COVA,코바 애퀴지션 Class A
2096,TEKK,텍코프 디지털 애퀴지션 Class A
2097,FIII,포럼 Merge III Class A
2098,NOTV,이노티브
2099,AVNW,아비아트 네트웍스
2100,VRCA,베리카 파마슈티컬
2101,SVOK,세븐 오크스 애퀴지션 Class A
2102,GSAQ,글로벌 시너지 애퀴지션 Class A
2103,GTPA,고어스 테크놀로지 파트너스 Class A
2104,COGT,Cogent Biosciences Inc
2105,CRSA,크레센트 어퀴지션 Class A
2106,FSRX,핀서브 애퀴지션 II Class A
2107,MACQU,MCAP Acquisition Corp
2108,KSMT,키스멧 에퀴지션 원
2109,GLRE,그린라이트 캐피털 리
2110,ESCA,에스칼라드
2111,CFV,CF 애퀴지션 V Class A
2112,WAFDP,워싱턴 페더럴 DEP SHS Series A
2113,BDSI,바이오딜리버리 사이언시스 인터내셔널
2114,SPKB,실버 스파이크 애퀴지션 II Class A
2115,TCBIO,텍사스 캐피털 뱅크셰어 DEP SHS Series B
2116,IPHA,이나트 파르마 ADR
2117,WILC,G 윌리-푸드 인터내셔널
2118,ALTUU,Altitude Acquisition Corp
2119,PFIS,피플스 파이낸셜 서비스
2120,MPB,미드 펜 뱅코프
2121,ACACU,Acies Acquisition Corp
2122,SSAAU,Science Strategic Acquisition Alpha Corp
2123,LVTX,라바 테라퓨틱스 NV
2124,KLDO,칼레이도 바이오사이언시스
2125,EXPC,익스페리언스 인베스트먼트 Class A
2126,FMIVU,Forum Merger IV Corp
2127,IGACU,IG Acquisition Corp
2128,PBFS,파이오니아 뱅코프
2129,KIII,키스멧 애퀴지션 쓰리 Class A
2130,AGGRU,Agile Growth Corp
2131,PSAGU,Property Solutions Acquisition Corp II
2132,STWO,ACON S2 애퀴지션 Class A
2133,NWPX,노스웨스트 파이프
2134,PVBC,프로비던트 뱅코프
2135,LCAA,L 캐터튼 아시아 애퀴지션 Class A
2136,CHPMU,CHP Merger Corp Unit
2137,CFVIU,CF Acquisition Corp VI
2138,CBNK,캐피털 뱅코프
2139,NISN,니선 인터내셔널 엔터프라이스 디벨롭먼트 그룹 Class A
2140,SCAQ,스트래팀 클라우드 애퀴지션 Class A
2141,KOR,Corvus Gold Inc
2142,CRMD,코메딕스
2143,DHBC,DHB 캐피탈 Class A
2144,EJFA,EJF 애퀴지션 Class A
2145,IPVI,인터프라이빗 IV 인프라테크 파트너스 Class A
2146,MTAC,메드테크 애퀴지션 Class A
2147,TZPS,TZP 스트레터지스 애퀴지션 Class A
2148,MON,모뉴먼트 서클 애퀴지션 Class A
2149,NNBR,NN Inc
2150,INVE,아이덴티브
2151,UCL,유클라우드링크 그룹 ADR Class A
2152,ARRW,애로우루트 애퀴지션 Class A
2153,LMRK,Landmark Infrastructure Partners LP Unit
2154,LIVX,라이브X라이브 미디어
2155,FTCVU,Fintech Acquisition Corp V
2156,JCICU,Jack Creek Investment Corp.
2157,LACQU,Leisure Acquisition Corp Unit
2158,TSIBU,Tishman Speyer Innovation Corp II
2159,BSKYU,Big Sky Growth Partners Inc
2160,RAACU,Revolution Acceleration Acquisition Corp
2161,COVAU,COVA Acquisition Corp
2162,TIOAU,Tio Tech A
2163,GPACU,Global Partner Acquisition II Corp
2164,HYACU,헤이메이커 애퀴지션 III Unit
2165,PLMIU,Plum Acquisition I Corp
2166,HFFG,HF 푸드그룹
2167,OEPWU,One Equity Partners Open Water I Corp
2168,TWLVU,Twelve Seas Investment Co II
2169,DHCAU,DHC Acquisition Corp
2170,TDACU,Trident Acquisitions Corp Unit
2171,TLIS,탈리스 바이오메디컬
2172,GXIIU,GX Acquisition II Corp
2173,ACAHU,Atlantic Coastal Acquisition Corp
2174,AURC,오로라 애퀴지션 Class A
2175,TAST,캐롤스 레스토랑 그룹
2176,DRTT,더트 인바이런멘털 솔루션스
2177,GXGXU,GX Acquisition Corp Unit
2178,DUO,팽드 네트워크 그룹 ADR
2179,ORPH,오파자임 ADR
2180,UEPS,네트 1 UEPS 테크놀로지스
2181,MBII,마론 바이오 이노베이션스
2182,FTAA,FTAC 아테나 애퀴지션 Class A
2183,BCEL,아트리카
2184,ADER,26 캐피털 애퀴지션 Class A
2185,NRAC,노블 락 애퀴지션 Class A
2186,BLU,벨루스 헬스
2187,EIGR,아이거 바이오파마슈티컬스
2188,CTXR,시티우스 파머수티컬스
2189,CTRM,캐스터 매러타임
2190,HBIO,하버드 바이오사이언스
2191,NVSA,뉴 비스타 애퀴지션 Class A
2192,DBDR,로맨 DBDR 테크 애퀴지션 Class A
2193,IMPL,임펠 뉴로파마
2194,THMA,팀블 포인트 애퀴지션 Class A
2195,CFAC,CF 파이낸스 애퀴지션 III
2196,AEAC,어센틱 에퀴티 애퀴지션 Class A
2197,AURCU,Aurora Acquisition Corp
2198,FSBW,FS 뱅코프
2199,ACTG,아카시아 리서치
2200,DFPH,DFP 헬스케어 어퀴지션 Class A
2201,DCRB,디카보니제이션 플러스 애퀴지션 Class A
2202,JSM,나비엔트 6% Senior Notes
2203,KRUS,쿠라 스시 USA
2204,DAKT,닥트로닉스
2205,LCAP,라이언하트 애퀴지션 II Class A
2206,NCTY,더9 ADR Class A
2207,ENFAU,890 5th Avenue Partners Inc
2208,NOAC,내츄럴 오더 애퀴지션
2209,SPKBU,Silver Spike Acquisition Corp II
2210,ZNTE,재닛 애퀴지션 Class A
2211,SILC,실리콤
2212,CLRMU,Clarim Acquisition Corp
2213,LCAAU,L Catterton Asia Acquisition Corp
2214,EJFAU,EJF Acquisition Corp
2215,DGNS,드래고니어 그로스 오퍼튜니티스 II Class A
2216,ACEV,에이스 컨버전스 에퀴지션 Class A
2217,KLAQU,KL Acquisition Corp
2218,ARRWU,Arrowroot Acquisition Corp
2219,DHBCU,DHB Capital Corp
2220,IPVIU,InterPrivate IV InfraTech Partners Inc
2221,BRPAU,Big Rock Partners Acquisition Corp Unit
2222,SVFB,SVF 인베스트먼트 2 Class A
2223,TZPSU,TZP Strategies Acquisition Corp
2224,RDHL,레드힐 바이오파마 ADR
2225,TOUR,투뉴 ADR Class A
2226,SV,스프링 밸리 애퀴지션 Class A
2227,SCOR,컴스코어
2228,JG,오로라 모바일 ADR
2229,PCSB,PCSB 파이낸셜
2230,ATOS,아토사 테라퓨틱스
2231,NH,낸트헬스
2232,BATRA,리버티 미디어 Series A(BATRA)
2233,EGAN,이게인
2234,BKCC,블랙록 캐피털 인베스트먼트
2235,ADERU,26 Capital Acquisition Corp
2236,EBET,E스포츠 테크놀로지스
2237,PTIC,프롭텍 인베스트먼트 II Class A
2238,VII,7GC앤코홀딩스 Class A
2239,FDBC,피델리티 D&D 뱅코프
2240,PFBI,프리미어 파이낸셜 뱅코프
2241,GNAC,그룹 나인 애퀴지션 Class A
2242,ALPN,알파인 이뮨 사이언스
2243,STKS,원 그룹 호스피탤리티
2244,WVE,웨이브 라이프 사이언스
2245,NEBCU,Nebula Caravel Acquisition Corp
2246,IEA,인프라스트럭쳐 & 에너지 얼터너티브
2247,VPCB,VPC 임팩트 애퀴지션 홀딩스 II Class A
2248,GTPAU,Gores Technology Partners Inc
2249,BLTS,브라이트 라이츠 애퀴지션 Class A
2250,KINZU,Kins Technology Group Inc.
2251,AFCG,AFC 감마
2252,ARBG,에퀴 애퀴지션 Class A
2253,PAQC,프로비던트 애퀴지션 Class A
2254,GPP,그린 플레인스 파트너스
2255,CBAY,사이머베이 테라퓨틱스
2256,SHAC,SCP & 헬스케어 애퀴지션 Class A
2257,TRCH,토치라이트 에너지 리소시스
2258,WTRH,웨이트르 홀딩스
2259,NBEV,뉴 에이지 베버리지스
2260,BIOT,바이오테크 애퀴지션 Class A
2261,DRIO,다리오헬스
2262,NMTR,9 Meters 바이오파마
2263,PBCTP,피플스 유나이티드 파이낸셜 Pref SHS Series A
2264,KAIRU,Kairos Acquisition Corp
2265,TMKRU,Tastemaker Acquisition Corp
2266,FTIVU,Fintech Acquisition Corp. IV
2267,ITI,아이테리스
2268,HCII,허드슨 이그제큐티브 인베스트먼트 II Class A
2269,VALU,밸류 라인
2270,SWETU,Athlon Acquisition Corp
2271,LHAA,레러 히뿌 애퀴지션 Class A
2272,ACTDU,ArcLight Clean Transition Corp II
2273,NVSAU,New Vista Acquisition Corp
2274,VIH,VPC 임팩트 애퀴지션 홀딩스 Class A
2275,POWRU,Powered Brands
2276,PMGMU,Priveterra Acquisition Corp
2277,ATVCU,Tribe Capital Growth Corp I
2278,HLAHU,Hamilton Lane Alliance Holdings I Inc
2279,EACPU,Edify Acquisition Corp
2280,HCCCU,Healthcare Capital Corp
2281,EYPT,아이포인트 파머수티컬스
2282,SJ,사이언조이 홀딩
2283,FSSI,포티스타 서스테이너블 솔루션스 Class A
2284,EXPCU,Experience Investment Corp Unit
2285,CFFE,CF 애퀴지션 VIII Class A
2286,JFU,9F ADR 클래스 A
2287,VTRU,비트루
2288,NRIM,노스림 뱅코프
2289,CRNT,세라콘 네트웍스
2290,KMDA,카마다
2291,FSRXU,Finserv Acquisition Corp II
2292,NATH,네이선스 페이머스
2293,ORRF,오스타운 파이낸셜 서비스
2294,FITBO,피프스 서드 뱅코프 DEP SHS Series K
2295,ABUS,아버터스 바이오파마
2296,MRLN,말린 비즈니스 서비스
2297,ONCT,온터널 테라퓨틱스
2298,GTYH,GTY 테크놀러지 홀딩스
2299,RCLF,로즈클리프 애퀴지션 I Class A
2300,ACAC,아치에스 애퀴지션 Class A
2301,LIZI,Lizhi Inc ADR
2302,PTVCB,프로텍티브 인슈어런스 Class B
2303,PSACU,Property Solutions Acquisition Corp Unit
2304,STRS,스트라투스 프로퍼티스
2305,TRVN,트레베나
2306,FSSIU,Fortistar Sustainable Solutions Corp
2307,FIIIU,Forum Merger III Corp
2308,QH,거화 Ltd ADR
2309,SMED,샤프스 컴플라이언스
2310,TH,타겟 호스피탈리티
2311,INFI,인피니티 파마슈티컬스
2312,KRNLU,Kernel Group Holdings Inc
2313,KZR,케자르 라이프 사이언스
2314,CERC,세레코
2315,SVOKU,Seven Oaks Acquisition Corp
2316,CRSAU,Crescent Acquisition Corp Unit
2317,IDBA,아이덱스 바이오메트릭스 ADR
2318,BLCT,블루시티 홀딩스 ADR
2319,KVHI,KVH 인더스트리
2320,WLFC,윌리스 리스 파이낸스
2321,FLNT,플루언트
2322,GSAQU,Global Synergy Acquisition Corp
2323,TEKKU,Tekkorp Digital Acquisition Corp
2324,GSMG,글로리 스타 뉴 미디어 그룹 홀딩스
2325,CFFEU,CF Acquisition Corp VIII
2326,UIHC,유나이티드 인슈어런스 홀딩스
2327,IMUX,이뮤닉
2328,BEEM,빔 글로벌
2329,LEGO,레가토 머저
2330,HYRE,하이어카
2331,FMBIP,퍼스트 미드웨스트 뱅코프 DEP SHS Series A
2332,IIIIU,Insu Acquisition Corp III
2333,VINC,빈서스 파마
2334,BPYPO,Brookfield Property Partners LP Unit Class A
2335,FRBA,퍼스트 뱅크
2336,VPCBU,VPC Impact Acquisition Holdings II
2337,CFFVU,CF Acquisition Corp V
2338,HQI,하이어퀘스트
2339,LFTR,레프테리스 애퀴지션 Class A
2340,IMMR,이머션
2341,ITHX,ITHAX 애퀴지션 Class A
2342,CECE,세코 인바이런멘털
2343,MBIO,머스탱 바이오
2344,LVRAU,Levere Holdings Corp
2345,PVAC,펜 버지니아
2346,UROY,우라늄 로열티
2347,FRSX,포어사이트 오토노모스 홀딩스 ADR
2348,RCLFU,Rosecliff Acquisition Corp I
2349,AGMH,AGM 그룹 홀딩스 Class A
2350,XGN,엑사젠
2351,ACEVU,ACE Convergence Acquisition Corp
2352,ENVI,인바이론멘털 임팩트 애퀴지션 Class A
2353,KMPH,켐팜
2354,STWOU,ACON S2 Acquisition Corp
2355,DCRBU,Decarbonization Plus Acquisition Corp
2356,BPYUP,브룩필드 프라퍼티 리츠 Pref SHS Series A
2357,ACNB,ACNB 코퍼레이션
2358,LATN,유니온 어퀴지션 코프 II
2359,HCAQ,헬스코어 카톨리오 애퀴지션 Class A
2360,NAKD,네이키드 브랜드 그룹
2361,MTACU,MedTech Acquisition Corp
2362,SCAQU,Stratim Cloud Acquisition Corp
2363,LBPS,4D 파마 PLC ADR
2364,TFFP,TFF 파마슈티컬스
2365,SRSA,사리사 캐피탈 애퀴지션 Class A
2366,MONCU,Monument Circle Acquisition Corp
2367,FRSG,퍼스트 리저브 서스테이너블 그로스 Class A
2368,FRW,PWP 포워드 애퀴지션 I Class A
2369,VOSO,버튜오소 애퀴지션 Class A
2370,DISAU,Disruptive Acquisition Corporation I
2371,GGMCU,Glenfarne Merger Corp
2372,SUNS,SLR 시니어 인베스트먼트
2373,GAMCU,Golden Arrow Merger Corp
2374,NEXT,넥스트데케이드
2375,VCVC,10X 캐피탈 벤처 애퀴지션 Class A
2376,TMTS,스파르타쿠스 애퀴지션 Class A
2377,SMSI,스미스 마이크로 소프트웨어
2378,KAII,키스멧 애퀴지션 투 Class A
2379,KIIIU,Kismet Acquisition Three Corp
2380,RCHG,리차지 애퀴지션 Class A
2381,LEGOU,Legato Merger Corp
2382,LAZY,레이지데이스 홀딩스
2383,DBDRU,Roman DBDR Tech Acquisition Corp
2384,FRON,프론티어 애퀴지션 Class A
2385,UBX,유니티 바이오테크놀러지
2386,FSII,FS 디벨롭먼트 II Class A
2387,BCTG,BCTG 에퀴지션
2388,NOACU,Natural Order Acquisition Corp
2389,PKBK,파크 뱅코프
2390,OXSQ,옥스포드 스퀘어 캐피털
2391,FUND,Sprott Focus Trust Inc
2392,PCB,PCB 뱅코프
2393,SRAC,스테이블 로드 에퀴지션 Class A
2394,ZWRK,제트-워크 에퀴지션 Class A
2395,FRBK,리퍼블릭 퍼스트 뱅코프
2396,VELO,벨로시티 애퀴지션 Class A
2397,AGNCM,AGNC 인베스트먼트 DEF SHS Series D
2398,ASPC,알파 캐피탈 애퀴지션 Class A
2399,ITQ,이티퀴라 애퀴지션 Class A
2400,ZNTEU,Zanite Acquisition Corp
2401,CPLP,Capital Product Partners LP Unit
2402,TBNK,테리토리얼 뱅코프
2403,NRACU,Noble Rock Acquisition Corp
2404,CFACU,CF Finance Acquisition III Corp
2405,PWFL,파워플리트
2406,FMAO,파머스 & 머천츠 뱅코프
2407,ITHXU,ITHAX Acquisition Corp
2408,FVCB,FVC뱅크코프
2409,THMAU,Thimble Point Acquisition Corp
2410,IMNM,이뮤놈
2411,UNTY,유니티 뱅코프
2412,BPYPN,브룩필드 프라퍼티 파트너 Pref SHS Series 3
2413,LDHAU,LDH Growth Corp I
2414,PFHD,프로페셔널 홀딩 Class A
2415,HROW,해로우헬스
2416,DFPHU,DFP Healthcare Acquisitions Corp Unit
2417,FRONU,Frontier Acquisition Corp
2418,SVSVU,Spring Valley Acquisition Corp
2419,PCOM,포인츠 인터내셔널
2420,CVCY,센트럴 밸리 커뮤니티 뱅코프
2421,BCBP,BCB 뱅코프
2422,TSBK,팀버랜드 뱅코프
2423,AKIC,스포츠 벤처스 애퀴지션 Class A
2424,SUNW,선워크스
2425,AIRG,에어게인
2426,AKICU,Sports Ventures Acquisition Corp
2427,SLMBP,샐리메이(SLM) Pref SHS Series B
2428,VIIAU,7GC & Holdings Co Inc
2429,HYMC,하이크로프트 마이닝 홀딩 Class A
2430,OVID,오비드 테라퓨틱스
2431,PUCKU,Goal Acquisitions Corp
2432,VIHAU,VPC Impact Acquisition Holdings
2433,DFHT,디어필드 헬스케어 테크놀로지 에퀴지션 Class A
2434,PAQCU,Provident Acquisition Corp
2435,RDVT,레드 바이올렛
2436,CODX,코다이아그나스틱스
2437,III,인포메이션 서비스 그룹
2438,MFNC,맥키낵 파이낸셜
2439,FBIZ,퍼스트 비즈니스 파이낸셜 서비스
2440,ALCO,알리코
2441,PTICU,PropTech Investment II Corp
2442,AEACU,Authentic Equity Acquisition Corp
2443,BLTSU,Bright Lights Acquisition Corp
2444,ATLO,에임스 내셔널
2445,BIOTU,Biotech Acquisition Co
2446,CASI,CASI 파마슈티컬스
2447,TLSA,티지아나 라이프 사이언스 ADR
2448,GNACU,Group Nine Acquisition Corp
2449,CHMA,키아즈마
2450,EMKR,엠코어
2451,NBN,노스이스트 뱅크
2452,SHACU,SCP & Healthcare Acquisition Co
2453,FRWAU,PWP Forward Acquisition Corp I
2454,FTPAU,FTAC Parnassus Acquisition Corp
2455,WTREP,왓포드 홀딩스 8.5% Pref SHS
2456,ARBGU,Aequi Acquisition Corp
2457,VOSOU,Virtuoso Acquisition Corp
2458,ZWRKU,Z-Work Acquisition Corp
2459,ITQRU,Itiquira Acquisition Corp
2460,ASPCU,Alpha Capital Acquisition Co
2461,VELOU,Velocity Acquisition Corp
2462,SRRA,시에라 온콜로지
2463,CABA,카발레타 바이오
2464,SBT,스털링 뱅코프(사우스필드 MI)
2465,FTAAU,FTAC Athena Acquisition Corp
2466,KAIIU,Kismet Acquisition Two Corp
2467,LCNB,LCNB Corp
2468,ISTR,인베스타 홀딩
2469,GWGH,GWG 홀딩스
2470,ADMS,아다마스 파마슈티컬스
2471,AVEO,아베오 파마슈티컬스
2472,BWFG,뱅크웰 파이낸셜 그룹
2473,SIC,셀렉트 인테리어 컨셉트 Class A
2474,AEYE,오디오아이
2475,CLVR,클레버 리브스 홀딩스
2476,MRCC,먼로 캐피털
2477,HCIIU,Hudson Executive Investment Corp II
2478,HURC,허코 컴퍼니스
2479,XERS,제리스 파마슈티컬
2480,PLXP,PLx 파머
2481,MFIN,메달리언 파이낸셜
2482,AFAQU,AF Acquisition Corp
2483,WRAP,Wrap Technologies Inc
2484,ASTS,애스트 스페이스모바일 Class A
2485,OSTRU,Oyster Enterprises Acquisition Corp
2486,GHAC,게이밍 & 하스피탤러티 애퀴지션 Class A
2487,FTFT,퓨처 핀테크 그룹
2488,NKSH,내셔널 뱅크셰어즈
2489,PANA,파나시아 애퀴지션 II Class A
2490,AKU,Akumin Inc
2491,FRSGU,First Reserve Sustainable Growth Corp
2492,TLC,타이완 리포좀 ADR
2493,SLCT,셀렉트 뱅코프
2494,SLGL,솔젤 테크놀러지
2495,BOCH,커머스 홀딩스 은행
2496,LWAC,로커스트 워크 애퀴지션 Class A
2497,ISLE,아일워스 헬스케어 애퀴지션
2498,THCA,투스칸 홀딩스 코프 II
2499,DLCA,딥레이크 캐피탈 애퀴지션 Class A
2500,GNRS,그린로즈 어퀴지션
2501,CFVI,CF 애퀴지션 VI Class A
2502,GCBC,그린 카운티 뱅코프
2503,NXTC,넥스큐어
2504,SRACU,Stable Road Acquisition Corp Unit
2505,SAII,소프트웨어 에퀴지션 그룹 II Class A
2506,TVAC,테이어 벤처스 애퀴지션 Class A
2507,BFI,Burgerfi International Inc
2508,FITBP,피프스 서드 뱅코프 DEP SHS Class B
2509,VTAQ,벤토욱스 CCM 애퀴지션
2510,DSAC,더들 스트리트 애퀴지션 Class A
2511,TEDU,타레나 인터내셔널 ADR Class A
2512,GWACU,Good Works Acquisition Corp
2513,GWAC,굿 웍스 애퀴지션
2514,EXFO,엑스포
2515,NHIC,뉴홀드 인베스트먼트 Class A
2516,LFMD,라이프엠디
2517,LAKE,레이크랜드 인더스트리스
2518,GAIA,가이아
2519,CMMB,키모맵 테라퓨틱스
2520,TCAC,투아타라 캐피털 애퀴지션 Class A
2521,MYFW,퍼스트 웨스턴 파이낸셜
2522,PHIC,포퓰레이션 헬스 인베스트먼트 Class A
2523,VCVCU,10X Capital Venture Acquisition Corp
2524,PGRW,프로그레스 애퀴지션 Class A
2525,LCAPU,Lionheart Acquisition Corporation II
2526,TYME,타임 테크놀러지
2527,DUNE,듄 애퀴지션 Class A
2528,SRSAU,Sarissa Capital Acquisition Corp
2529,IMCC,IM 카나비스
2530,INKA,클루데인 I 애퀴지션 Class A
2531,HSAQ,헬스 사이언시스 애퀴지션스 2
2532,GALT,갈렉틴 테라퓨틱스
2533,GCAC,그로스 캐티털 애퀴지션 Class A
2534,LFTRU,Lefteris Acquisition Corp
2535,LATNU,Union Acquisition Corp II Unit
2536,LRMR,라리마 테라퓨틱스
2537,TCFC,커뮤니티 파이낸셜
2538,ENVIU,Environmental Impact Acquisition Corp
2539,SPTK,스포츠텍 애퀴지션 Class A
2540,CNTG,센토진 NV
2541,KIN,킨드레드 바이오사이언시스
2542,SAMG,실버크레스트 애셋 매니지먼트 그룹
2543,DLCAU,Deep Lake Capital Acquisition Corp
2544,INVZ,콜렉티브 그로스
2545,SMTI,Sanara Medtech Inc
2546,CYBE,사이버옵틱스
2547,IMMP,이뮤텝 ADR
2548,LEVL,레벨 원 뱅코프
2549,ASLN,아슬란 파마슈티컬스 ADR
2550,CTIC,CTI 바이오파머
2551,GHACU,Gaming & Hospitality Acquisition Corp
2552,FULTP,풀턴 파이낸셜 DEP SHS Series A
2553,EQOS,디지넥스
2554,HYW,해인 금융 지주 그룹 ADR
2555,SHSP,샤프스프링
2556,NWFL,노우드 파이낸셜
2557,LYTS,LSI 인더스트리
2558,ATNF,180 Life Sciences Corp
2559,TMTSU,Spartacus Acquisition Corp
2560,WNEB,웨스턴 뉴 잉글랜드 뱅코프
2561,RCHGU,Recharge Acquisition Corp
2562,BPRN,더뱅크오브프린스톤
2563,SWKH,SWK 홀딩스
2564,CMLS,큐물러스 미디어 Class A
2565,IZEA,아이지아 월드와이드
2566,CIDM,시네다임 Class A
2567,ADMA,ADMA 바이오로직스
2568,CHMG,셔멍 파이낸셜
2569,SIGIP,셀렉티브 인슈어런스 그룹 DEP SHS Series B
2570,NMRD,네마우라 메디컬
2571,DFHTU,Deerfield Healthcare Technology Acquisitions Corp Unit
2572,ESXB,커뮤니티 뱅커스 트러스트
2573,ARYD,ARYA 사이언스 어퀴지션 IV Class A
2574,AFINP,아메리칸 파이낸스 트러스트 Pref SHS Series A
2575,GNSS,제나시스
2576,GLHAU,Glass Houses Acquisition Corp
2577,VLATU,Valor Latitude Acquisition Corp
2578,CRZNU,Corazon Capital V838 Monoceros Corp
2579,JWEL,조웰 글로벌
2580,WEYS,웨이코 그룹
2581,TBSAU,TB SA Acquisition Corp
2582,TCDA,트리시다
2583,RACB,리서치 얼라이언스 II Class A
2584,PMBC,퍼시픽 머컨타일 뱅코프
2585,ETON,ETON 파머수티컬스
2586,WNW,우농넷 테크놀로지
2587,IIN,인트리콘
2588,SHBI,쇼어 뱅크셰어스
2589,TDUP,스레드업 Class A
2590,COFS,초이스원 파이낸셜 서비스
2591,SPOK,스폭 홀딩스
2592,BCML,베이컴
2593,INSE,인스파이어드 엔터테인먼트
2594,EDAP,Edap Tms SA ADR
2595,MNOV,메디치노바
2596,LBRDP,리버티 브로드밴드 Cumulative Pref SHS Series A
2597,MRKR,마커 테라퓨틱스
2598,ARYA,ARYA 사이언스 어퀴지션 Class A
2599,AAOI,어플라이드 옵토일렉트로닉스
2600,LHDX,루시라 헬스
2601,VTVT,vTv 테라퓨틱스 Class A
2602,FCCY,퍼스트 컨스티튜션 뱅코프
2603,CRBP,코버스 파마슈티컬스 홀딩스
2604,XFOR,X4 파마슈티컬
2605,TELA,텔라 바이오
2606,AUBAP,애틀랜틱 유니온 뱅크셰어스 DEP SHS Series A
2607,PDLB,PDL 커뮤니티 뱅코프
2608,OIIM,O2마이크로 인터내셔널 ADR
2609,PXLW,픽셀웍스
2610,TZOO,트래블주
2611,GMBL,이스포츠 엔터테인먼트 그룹
2612,SRGA,Surgalign 홀딩스
2613,BLSA,BCLS 애퀴지션 Class A
2614,MDNA,Medicenna Therapeutics Corp
2615,UK,유커뮨 인터네셔널 Class A
2616,TCFCP,TCF 파이낸셜 DEP SHS REP 5.7% Series C
2617,ANDAU,Andina Acquisition Corp III Unit
2618,REDU,라이즈 에듀케이션 케이먼 ADR
2619,MARK,리마크 홀딩스
2620,CKPT,체크포인트 테라퓨틱스
2621,SAIIU,Software Acquisition Group Inc II
2622,OSMT,오스모티카 파머수티컬스
2623,GNRSU,Greenrose Acquisition Corp Unit
2624,ASAX,애스트레아 애퀴지션 Class A
2625,LINC,링컨 에듀케이셔널 서비스
2626,OCAX,OCA 애퀴지션 Class A
2627,BRPM,B. 라일리 프린시펄 150 머저 Class A
2628,GMVD,G Medical Innovations Holdings Ltd
2629,SVRA,사바라
2630,FARM,파머 브러더스
2631,DBTX,데시벨 테라퓨틱스
2632,ITRM,아이테럼 테라퓨틱스
2633,MICT,MICT Inc
2634,BIVI,바이오비에 Class A
2635,NEPT,넵튠 웰니스 솔루션즈
2636,VYNE,바인 테라퓨틱스
2637,CVLY,코도러스 밸리 뱅코프
2638,LEE,리 엔터프라이즈
2639,BFRA,바이오프론테라 AG ADR
2640,METC,라마코 리소스
2641,VTAQU,Ventoux CCM Acquisition Corp
2642,ENLV,엔라이벡스 테라퓨틱스
2643,NYMTM,뉴욕 모기지 트러스트 Pref SHS Series E
2644,PAYS,페이사인
2645,AQMS,아쿠아 메탈스
2646,CWCO,콘솔리에이티드 워터
2647,LWACU,Locust Walk Acquisition Corp
2648,NHICU,Newhold Investment Corp
2649,RMBI,리치몬드 뮤추얼 뱅코포레이션
2650,ALSK,알래스카 커뮤니케이션스 시스템
2651,ESQ,에스콰이어 파이낸셜 홀딩스
2652,RGCO,RGC 리소스
2653,SECO,시쿠 홀딩 ADR
2654,PTMN,포트먼 리지 파이낸스
2655,FSTR,LB 포스터
2656,INTZ,인트루젼
2657,TVACU,Thayer Ventures Acquisition Corp
2658,MLAC,말라카 스트레이츠 어퀴지션 Class A
2659,SGAM,씨포트 글로벌 애퀴지션 Class A
2660,EML,이스턴
2661,OMEG,오메가 알파 Class A
2662,ONDS,Ondas Holdings Inc
2663,ESSC,이스트 스톤 어퀴지션
2664,OESX,오리온 에너지 시스템즈
2665,DSACU,Duddell Street Acquisition Corp.
2666,TCACU,Tuatara Capital Acquisition Corp
2667,IMV,IMV
2668,ENOB,에노키안 바이오사이언시스
2669,STRT,스트라텍 시큐리티
2670,WMPN,윌리엄 펜 뱅코프
2671,RESN,레저넌트
2672,PHICU,Population Health Investment Co Inc
2673,BELFB,벨 퓨즈 Class B
2674,NCNA,누카나 ADR
2675,BRPMU,B. Riley Principal 150 Merger Corp
2676,EUSG,유러피안 서스테이너블 그로스 애퀴지션 Class A
2677,KSICU,Kadem Sustainable Impact Corp
2678,PBPB,포트벨리
2679,RACA,테라퓨틱스 에퀴지션 Class A
2680,FLAC,프레이지어 라이프사이언스 애퀴지션 Class A
2681,INKAU,KludeIn I Acquisition Corp
2682,PGRWU,Progress Acquisition Corp
2683,BLRX,바이오라인 RX ADR
2684,DUNEU,Dune Acquisition Corp
2685,EQ,이퀼리움
2686,FVE,파이브스타 시니어 리빙
2687,NOVN,노반
2688,PROG,프로제니티
2689,SPTKU,SportsTek Acquisition Corp
2690,OEG,오비탈 에너지 그룹
2691,TTOO,T2 바이오시스템
2692,GCACU,Growth Capital Acquisition Corp
2693,VCKA,빅터스 밴티지 I
2694,BREZ,브리즈 홀딩스 애퀴지션
2695,INOD,이노데이터
2696,APTX,앱팅스
2697,YSAC,옐로스톤 애퀴지션 Class A
2698,JAGX,재규어 헬스
2699,MOVE,모바노
2700,ALACU,Alberton Acquisition Corp Unit
2701,FNWB,퍼스트 노스웨스트 뱅코프
2702,PANL,팡게아 로지스틱스 솔루션스
2703,VABK,버지니아 내셔널 뱅크셰어
2704,LJAQ,라이트점프 애퀴지션
2705,ESSA,ESSA 뱅코프
2706,GNFT,젠피트 SA ADR
2707,PWOD,펜스 우즈 뱅코프
2708,WSBCP,웨스뱅코 DEP SHS Series A
2709,MDWT,미드웨스트 홀딩 Pref SHS Series A
2710,TWIN,트윈 디스크
2711,TUSK,매머드 에너지서비스
2712,GLSPU,Global SPAC Partners Co
2713,VWTR,바이들러 워터스 리소시스
2714,CLXT,칼릭스트
2715,LANDO,글래드스톤 랜드 Pref SHS Series B
2716,FGBI,퍼스트 개런티 뱅크셰어스
2717,APEN,아폴로 엔도서저리
2718,GENC,젠코 인더스트리스
2719,OPTN,옵티노우즈
2720,MIST,마일스톤 파머수티컬스
2721,OPBK,OP 뱅코프
2722,PYPD,폴리피드
2723,ZYNE,자이너바 파마슈티컬
2724,VYGR,보이저 테라퓨틱스
2725,HTBX,히트 바이오로직스
2726,NBSE,누베이스 테라퓨틱스
2727,SHIP,씨에너지 마리타임 홀딩스
2728,FSFG,퍼스트 세이빙스 파이낸셜 그룹
2729,BPYPP,Brookfield Property Partners LP Unit Class A
2730,VERY,베리시티
2731,QADB,QAD Inc Class B
2732,NBSTU,Newbury Street Acquisition Corp
2733,SBBP,스트롱브리지 바이오파머
2734,MCMJ,메리다 머저 코프 I
2735,EYES,세컨드 사이트 메디컬 프로덕츠
2736,CFFI,C&F 파이낸셜
2737,LTRX,렌트로닉
2738,GNPX,젠프렉스
2739,SGOC,SGOCO 그룹
2740,NMMC,노스 마운틴 머저 Class A
2741,AYRO,AYRO Inc
2742,DMAC,다이아메디카 테라퓨틱스
2743,GBNH,게인 테라퓨틱스
2744,GRIN,그라인드롯 쉬핑 홀딩스
2745,MAQCU,Maquia Capital Acquisition Corp
2746,LTRN,랜턴 파마
2747,DDMX,DD3 애퀴지션 II Class A
2748,SCPH,Sc파머수티컬스
2749,OBSV,옵스에바 SA
2750,MNSB,메인스트리트 뱅크셰어즈
2751,MRBK,메리디안
2752,FENC,페넥 파머수티컬스
2753,AGTC,어플라이드 제네틱 테크놀로지스
2754,THCAU,Tuscan Holdings Corp II Unit
2755,LIQT,리크테크 인터내셔널
2756,WATT,에너거스
2757,MBINN,머천트 뱅코프 DEP SHS Series C
2758,ASMB,어셈블리 바이오사이언시스
2759,EBMT,이글 뱅코프 몬태나
2760,UNB,유니언 뱅크셰어스
2761,LBPH,롱보드 파마슈티컬
2762,XCUR,엑시큐어
2763,MYMD,애이커스 바이오사이언시스
2764,BSVN,뱅크7
2765,CMPI,체크메이트 파마슈티컬스
2766,INMB,인뮨 바이오
2767,STND,스탠다드 AVB 파이낸셜
2768,CMCT,CIM 커머셜 트러스트
2769,AGFY,애그리파이
2770,KRMD,리프로-메드 시스템즈
2771,CTG,컴퓨터 태스크 그룹
2772,AIH,Aesthetic 메디컬 인터내셔널 홀딩 그룹 ADR
2773,STSA,샛슈마 파마슈티컬스
2774,BFIN,뱅크파이낸셜
2775,IDN,인텔리체크
2776,ASUR,어슈어 소프트웨어
2777,ONCY,온콜리틱스 바이오텍
2778,QLI,치리안 인터내셔널 홀딩 그룹
2779,GRTX,갈레라 테라퓨틱스
2780,CALA,캘리테라 바이오사이언시스
2781,CBAN,콜로니 뱅코프
2782,ASAXU,Astrea Acquisition Corp
2783,LOGC,로직바이오 테라퓨틱스
2784,TCBIP,텍사스 캐피털 뱅크셰어스 Pref SHS Series A
2785,RCON,레콘 테크놀러지
2786,CAPA,하이케이프 캐피탈 애퀴지션 Class A
2787,RVSB,리버뷰 뱅코프
2788,EVOJ,에보 애퀴지션 Class A
2789,ONCS,온코세크 메디컬
2790,EVGN,에보젠
2791,SVBI,세번 뱅코프
2792,OCAXU,OCA Acquisition Corp
2793,USIO,유시오
2794,ZIONO,자이언스 뱅코프 DEP SHS REP 1/40 Series G
2795,NYMTN,뉴욕 모기지 트러스트 Pref SHS Series D
2796,NBST,뉴버리 스트리트 애퀴지션
2797,HLXA,헬릭스 애퀴지션
2798,CLSD,클리어사이드 바이오메디컬
2799,COMS,COM소버린 홀딩
2800,ABEO,아베오나 테라퓨틱스
2801,NYMX,나이목스 파마슈티컬
2802,ABGI,ABG 애퀴지션 I Class A
2803,GLAQ,글로비스 애퀴지션
2804,SGAMU,Seaport Global Acquisition Corp
2805,YMTX,Yumanity Therapeutics Inc
2806,SYBX,신로직
2807,CFMS,컨포미스
2808,ROCC,로스 CH 애퀴지션 II
2809,BPTS,바이오파이티스 ADR
2810,AMTBB,아머란트 뱅코프 Class B
2811,MLACU,Malacca Straits Acquisition Co Ltd Unit
2812,BCYP,빅 사이프레스 애퀴지션
2813,IFRX,인플락스 NV
2814,AREC,아메리칸 리소스
2815,ACKIU,Ackrell SPAC Partners I Co
2816,KXIN,카이신 오토 홀딩스
2817,SIOX,시오 진 테라피스
2818,OVLY,오크 밸리 뱅코프
2819,IPA,이뮤노프리사이스 안티바디스
2820,FCAP,퍼스트 캐피탈
2821,EUSGU,European Sustainable Growth Acquisition Corp
2822,USAK,USA 트럭
2823,TDAC,트라이덴트 어퀴지션
2824,MACUU,Mallard Acquisition Corp.
2825,MACA,모링가 애퀴지션 Class A
2826,PFSW,PFS웹
2827,MBCN,미들필드 은행
2828,SPI,SPI 에너지
2829,HBP,허티그 빌딩 프로덕츠
2830,BSBK,보고타 파이낸셜
2831,ESSCU,East Stone Acquisition Corp Unit
2832,CGO,칼라모스 글로벌 토털 리턴 펀드
2833,CFRX,콘트라펙트
2834,FLACU,Frazier Lifesciences Acquisition Corp
2835,IVAC,인터백
2836,FNCB,FNCB 뱅코프
2837,SCYX,사이넥시스
2838,ICBK,카운티 뱅코프
2839,HWBK,호손 뱅크셰어즈
2840,EDTX,에드테크X 홀딩스 어퀴지션 II Class A
2841,CIH,차이나 인덱스 홀딩스 ADR Class A
2842,MOTN,모션 애퀴지션 Class A
2843,ASYS,암테크 시스템즈
2844,GSIT,GSI 테크놀러지
2845,BKEP,Blueknight Energy Partners LP Unit
2846,CBIO,캐털리스트 바이오사이언시스
2847,CALB,캘리포니아 뱅코프
2848,EDUC,에듀케이셔널 디벨롭먼트
2849,LXEH,리샹 에듀케이션 홀딩 ADR
2850,MLVF,몰번뱅코프
2851,VCKAU,Vickers Vantage Corp I
2852,YSACU,Yellowstone Acquisition Co
2853,BWAC,베터월드 애퀴지션
2854,CZWI,시티즌스 커뮤니티 뱅코프
2855,ONTX,온코노바 테라퓨틱스
2856,SREV,서비스소스 인터내셔널
2857,FKWL,프랭클린 와이어리스
2858,AXLA,악셀라 헬스
2859,WTFCM,윈트러스트 파이낸셜 Pref SHS Series D
2860,LMNL,리미널 바이오사이언시스
2861,PLBC,플루마스 뱅코프
2862,NTIC,노던 테크놀로지스 인터내셔널
2863,MNTX,매니텍스 인터내셔널
2864,GLTO,갈렉토
2865,SANW,S&W 시드
2866,BANX,스톤캐슬 파이낸셜
2867,UBFO,유나이티드 시큐리티 뱅크셰어스
2868,HTOO,퓨전 퓨얼 그린 PLC Class A
2869,SNCR,싱크로노스 테크놀로지스
2870,CLGN,콜플랜트 바이오테크놀로지 ADR
2871,AYTU,아이투 바이오파르마
2872,FCCO,퍼스트 커뮤니티
2873,PCTTU,Purecycle Technologies Inc
2874,SLNG,스태빌리스 솔루션스
2875,TMDI,타이탄 메디컬
2876,BWAY,브레인스웨이 ADR
2877,ATSPU,Archimedes Tech SPAC Partners Co
2878,MACU,말라드 애퀴지션
2879,BWACU,Better World Acquisition Corp
2880,NMMCU,North Mountain Merger Corp
2881,COCP,코크리스털 파머
2882,BOXL,박스라잇
2883,DDMXU,DD3 어퀴지션 Unit
2884,RDCM,래드콤
2885,BKEPP,블루나이트 에너지 파트너스 Pref SHS Series
2886,ERYP,에리떼끄 파르마 SA ADR
2887,SNFCA,시큐리티 내셔널 파이낸셜
2888,EUCRU,Eucrates Biomedical Acquisition Corp.
2889,PTRS,파트너스 반코프
2890,ACRX,에이셀알엑스 파마슈티컬스
2891,CSBR,챔피언스 온콜로지
2892,ANIX,애닉사 바이오사이언스
2893,AGRX,애자일 테라퓨틱스
2894,SBFG,SB 파이낸셜 그룹
2895,PEBK,피플스 뱅코프 오브 노스캐롤라이나
2896,PNFPP,피너클 파이낸셜 파트너스 DEP SHS Series B
2897,JYAC,지야 애퀴지션 Class A
2898,SAL,솔즈베리 뱅코프
2899,AYLA,아얄라 파마슈티컬스
2900,FFNW,퍼스트 파이낸셜 노스웨스트
2901,ELDN,엘레돈 파마슈티컬스
2902,OTRA,OTR 애퀴지션 Class A
2903,LMPX,엘엠피 오토모티브 홀딩스
2904,LQDA,리퀴디아
2905,GLG,TD 홀딩스
2906,MBINO,머천트 뱅코프 DEP SHS Series B
2907,ZKIN,ZK 인터내셔널
2908,GMLPP,골라 LNG 파트너스 Pref SHS Series A
2909,EUCR,유크라테스 바이오메디컬 애퀴지션
2910,FRAF,프랭클린 파이낸셜 서비스
2911,FCRD,퍼스트 이글 얼터너티브 캐피탈 BDC
2912,CAAS,중국 오토모티브 시스템
2913,ASPU,애스펀 그룹
2914,XSPA,엑스프레스파
2915,CLIR,클리어사인 테크놀로지
2916,CAPAU,HighCape Capital Acquisition Corp
2917,NICK,니콜라스 파이낸셜
2918,PHAS,페이스바이오 파머수티컬스
2919,CMCTP,CIM 커머셜 트러스트 Pref SHS Series L
2920,OFED,오코니 페더럴 파이낸셜
2921,CNCE,콘서트 파마슈티컬스
2922,DLHC,DLH 홀딩스
2923,AHAC,알파 헬스케어 애퀴지션 Class A
2924,KZIA,카지아 테라퓨틱스 ADR
2925,AQST,어퀴스티브 테라퓨틱스
2926,AUBN,어번 내셔널 뱅코프
2927,VLYPP,밸리 내셔널 뱅코프 Pref SHS Series A
2928,ZIONN,자이언스 뱅코프 DEP SHS REP 1/40 Series H
2929,RCAT,레드 캣 홀딩스
2930,RMBL,럼블온 Class B
2931,VMAC,비스타스 미디어 Class A
2932,KOSS,코스
2933,EVAX,에바종 바이오테크 A/S ADR
2934,GNCA,제노시아 바이오사이언시스
2935,FUNC,퍼스트 유나이티드
2936,PIRS,피에리스 파마슈티컬스
2937,PCTI,PC텔
2938,BENEU,Benessere Capital Acquisition Corp
2939,AVCT,아메리칸 버추얼 클라우드 테크놀로지
2940,ROCR,로스 CH 애퀴지션 III
2941,VRDN,비리디안 테라퓨틱스
2942,EVFM,에보펨 바이오사이언스
2943,BRID,브리지포드 푸즈
2944,ULBI,울트라라이프
2945,EVOJU,Evo Acquisition Corp
2946,IMRA,아이마라
2947,GANX,게인 테라퓨틱스
2948,TMPM,터메릭 애퀴지션 Class A
2949,BENE,베네세레 캐피톨 에퀴지션 Class A
2950,AMHC,앰플리튜드 헬스케어 어퀴지션 Class A
2951,ROCCU,Roth CH Acquisition II Co
2952,BWMN,보우만 컨설팅 그룹
2953,OFS,OFS 캐피털
2954,RMRM,RMR Mortgage Trust
2955,CAHC,CA 헬스케어 애퀴지션 Class A
2956,HEPA,헤피온 파마슈티컬스
2957,POLA,폴라 파워
2958,AMAO,아메리칸 애퀴지션 오퍼튜니티스 Class A
2959,PSTI,플루리스템 테라퓨틱스
2960,ESGRO,엔스타 그룹 DEP SHS Series E
2961,EYEN,아이노비아
2962,BCYPU,Big Cypress Acquisition Corp
2963,GLAQU,Globis Acquisition Corp
2964,IRIX,이리덱스
2965,FMBIO,퍼스트 미드웨스트 뱅코프 DEP SHS Series C
2966,PROV,프로비던트 파이낸셜 홀딩스
2967,OBCI,오션 바이오-켐
2968,SGA,사가 커뮤니케이션스 Class A
2969,YTRA,야트라 온라인
2970,STCN,스틸 커넥트
2971,LMST,라임스톤 뱅코프
2972,LPCN,리포신
2973,OTIC,오토노미
2974,LJAQU,Lightjump Acquisition Corp
2975,IEC,IEC 일렉트로닉스
2976,OBLG,오블롱
2977,ACKIT,Ackrell SPAC Partners I Co
2978,CAHCU,CA Healthcare Acquisition Corp
2979,RILYM,B. 라일리 파이낸셜 6.375% Senior Note
2980,ALYA,알리시야 그룹
2981,IMBI,아이미디어 브랜즈 Class A
2982,AMRB,아메리칸 리버 뱅크셰어스
2983,ADOC,에독 애퀴지션 Class A
2984,GLYC,글리코미메틱스
2985,MTBCP,케어클라우드 Pref SHS Series A
2986,FLUX,Flux Power Holdings Inc
2987,ODT,오도네이트 테라퓨틱스
2988,SLS,셀라스 라이프 사이언스 그룹
2989,BKSC,사우스 캐롤라이나 은행
2990,CBFV,CB 파이낸셜 서비스
2991,TGA,트랜스글로브 에너지
2992,EDTXU,메텐 에드테크X 에듀케이션 그룹 Unit
2993,VVOS,비보스 테라퓨틱스
2994,ATSPT,Archimedes Tech SPAC Partners Co
2995,FONR,포나
2996,RBKB,라인벡 뱅코프
2997,MOTNU,Motion Acquisition Corp
2998,MCHX,마첵스 Class B
2999,RDI,레딩 인터내셔널 Class A
3000,OPOF,올드 포인트 파이낸셜
3001,BCLI,브레인스톰 셀 테라퓨틱스
3002,AEZS,에터나 젠타리스
3003,MACAU,Moringa Acquisition Corp
3004,FAT,FAT 브랜즈
3005,ALOT,아스트로노바
3006,SLGG,슈퍼리그 게이밍
3007,MTBC,케어클라우드
3008,AHACU,Alpha Healthcare Acquisition Corp
3009,DYAI,다이아딕 인터내셔널
3010,MAGS,매갈 시큐리티 시스템즈
3011,OPTT,오션 파워 테크놀로지스
3012,GASS,스텔스가스
3013,MSAC,메디커스 사이언시스 애퀴지션 Class A
3014,CCRC,차이나 커스터머 릴레이션스 센터
3015,TACT,트랜스액트 테크놀로지스
3016,ZVO,조비오
3017,ESEA,유로시스
3018,TCBIL,텍사스 캐피털 뱅크셰어스 6.50% Sub. Note
3019,HOVNP,호브내니언 엔터프라이스 DEP SHS Series A
3020,CRVS,코버스 파마슈티컬스
3021,LMAO,LMF 애퀴지션 오퍼튜니티스 Class A
3022,AVGR,아빙거
3023,BBQ,BBQ 홀딩스
3024,LARK,랜드마크 뱅코프
3025,KRKR,36kr 홀딩스 ADR
3026,UCBIO,유나이티드 커뮤니티 뱅크 DEP SHS Series I
3027,ORGS,오어제네시스
3028,RNDB,랜돌프 뱅코프
3029,PFMT,퍼포먼트 파이낸셜
3030,HTLFP,하트랜드 파이낸셜 USA DEP SHS Series E
3031,AZYO,아지요 바이오로직스 Class A
3032,VISL,비스링크 테크놀러지
3033,PCSA,프로세사 파마슈티컬스
3034,VVPR,비보파워 인터내셔널
3035,PBIP,프루덴셜 뱅코프
3036,PETZ,TDH 홀딩스
3037,MKD,몰레큘러 데이터 ADR
3038,PDSB,PDS 바이오테크놀러지
3039,TARA,아타라 테라퓨틱스
3040,ADMP,아다미스 파마슈티컬스
3041,LMB,림바흐 홀딩스
3042,OVBC,오하이오 밸리 뱅크
3043,WSTG,웨이사이드 테크놀로지 그룹
3044,LYRA,Lyra 테라퓨틱스
3045,VMACU,Vistas Media Acquisition Company Inc
3046,AGFS,아그로프레시 솔루션
3047,VBLT,배스큘러 바이오제닉스
3048,ASPS,알티소스 포트폴리오 솔루션스
3049,GROW,US 글로벌 인베스터스 Class A
3050,XAIR,비욘드 에어
3051,OCG,오리엔탈 컬처 홀딩
3052,LJPC,라호야 파마슈티컬
3053,OTRAU,OTR Acquisition Corp
3054,CFBK,센트럴 페더럴
3055,CCNC,코드 체인 뉴 콘티넨트
3056,VS,벌서스 시스템스
3057,SIEB,시버트 파이낸셜 코퍼레이션
3058,PDEX,프로-덱스
3059,FVAM,5:01 애퀴지션
3060,GFED,개런티 페데럴 뱅크셰어스
3061,MBTCU,Nocturne Acquisition Corp
3062,INPX,인픽손
3063,LFVN,라이프밴티지
3064,IFBD,인포버드
3065,MDWD,메디운드
3066,GEOS,지오스페이스 테크놀로지스
3067,LTRPB,리버티 트립어드바이저 홀딩스 Series B
3068,APVO,압티보 테라퓨틱스
3069,BAOS,바오선 미디어 그룹 홀딩스
3070,HGBL,헤리티지글로벌
3071,BSGM,바이오시그 테크놀러지
3072,ISSC,이노베이티브 솔루션스 & 서포트
3073,AMHCU,Amplitude Healthcare Acquisition Corp Unit
3074,NYMTO,뉴욕 모기지 트러스트 Pref SHS Series C
3075,HBANN,헌팅턴 뱅크셰어스 DEP SHS Series C
3076,CHEK,체크 캡
3077,CIZN,시티즌스 홀딩 컴퍼니
3078,BPOPM,파퓰러 캐피탈 트러스트 II Pref
3079,LGVN,롱에버론 Class A
3080,VLYPO,밸리 내셔널 뱅코프 Pref SHS Series B
3081,TMPMU,Turmeric Acquisition Corp
3082,UBOH,유나이티드 뱅크셰어스(Nasdaq GM)
3083,CWBC,커뮤니티 웨스트 뱅크셰어스
3084,TIRX,티엔 루이시앙 홀딩스 Class A
3085,CPSS,컨슈머 포트폴리오 서비스
3086,MCAC,마운틴크레스트 에퀴지션
3087,LSAQ,라이프사이 애퀴지션 II
3088,AMAOU,American Acquisition Opportunity Inc
3089,ALRN,애일러론 테라퓨틱스
3090,SFBC,사운드 파이낸셜 뱅코프
3091,KLXE,KLX 에너지 서비스 홀딩스
3092,ROCRU,Roth CH Acquisition III Co
3093,EBACU,European Biotech Acquisition Corp
3094,PCYG,파크 시티 그룹
3095,CLDB,코틀랜드 뱅코프
3096,SSBI,서밋 스테이트 은행
3097,SND,스마트 샌드
3098,MOXC,막시안
3099,XELA,엑셀라 테크놀로지스
3100,ARAV,아라바이브
3101,AUVI,어플라이드 UV
3102,CTHR,찰스 & 콜바드
3103,MMAC,MMA 캐피털 홀딩스
3104,CXDO,Crexendo Inc
3105,MITC,미아테크 3D ADR
3106,REED,리즈
3107,CDTX,시다라 테라퓨틱스
3108,HMNF,HMN 파이낸셜
3109,PHUN,펀웨어
3110,HDSN,허드슨 테크놀로지스
3111,MBRX,몰컬린 바이오테크
3112,RELL,리처드슨 일렉트로닉스
3113,TCON,트라콘 파마슈티컬스
3114,NERV,미네르바 뉴로사이언시스
3115,DTEA,데이비즈티
3116,RIVE,리버뷰 파이낸셜
3117,RNWK,리얼네트웍스
3118,LPTX,리프 테라퓨틱스
3119,PFX,피닉스핀
3120,EPSN,엡실론 에너지
3121,VERO,비너스 컨셉
3122,METX,메텐 에드테크X 에듀케이션 그룹
3123,CPSH,CPS 테크놀러지
3124,BIOL,바이오레이즈
3125,QUMU,큐무
3126,RAIL,프레이트카 아메리카
3127,CGRN,캡스톤 그린 에너지
3128,MRAM,에버스핀 테크놀러지
3129,NEON,네오노드
3130,SCPS,스코퍼스 바이오파마
3131,CSCW,컬러스타 테크놀로지
3132,FEIM,프리컨시 일렉트로닉스
3133,LMAOU,LMF Acquisition Opportunities Inc
3134,QK,Q&K 인터내셔널 그룹 ADR
3135,BHSE,불혼 홀딩스
3136,SPKEP,스파크 에너지 Pref SHS Series A
3137,KINS,킹스톤 컴퍼니
3138,GRNQ,그린프로 캐피털
3139,NAII,내추럴 얼터너티브 인터내셔널
3140,OSS,원 스탑 시스템
3141,PAIC,페트라 애퀴지션
3142,SRAX,SRAX Inc Class A
3143,AESE,얼라이드 e스포츠 엔터테인먼트
3144,WTER,알칼라인 워터 컴퍼니
3145,AACG,ATA 크리에이티비티 글로벌 ADR
3146,BHSEU,Bull Horn Holdings Corp.
3147,UONEK,어반 원 Class D
3148,ZGYH,윤홍 인터내셔널 Class A
3149,APRE,아프레아 테라퓨틱스
3150,MITO,스텔스 바이오테라퓨틱스 ADR
3151,CLSN,셀시온
3152,GRAY,그레이버그 비전
3153,NDRA,엔드라 라이프 사이언스
3154,CLBS,캘라드리어스 바이오사이언시스
3155,MMLP,Martin Midstream Partners LP Unit
3156,FXNC,퍼스트 내셔널
3157,KELYB,켈리 서비스 Class B
3158,MTCR,메타클라인
3159,HWCC,휴스턴 와이어 & 케이블
3160,ITAC,인더스트리얼 테크 애퀴지션 Class A
3161,PME,핑탄 마린 엔터프라이즈
3162,PESI,퍼마-픽스 인바이런먼털 서비스
3163,ADES,어드밴스드 에미션스 솔루션스
3164,KERN,애커나
3165,NHTC,내추럴 헬스 트렌즈
3166,DGLY,디지털 앨리
3167,OXLCP,옥스포드 레인 캐피털 Pref SHS 6.25%
3168,MACK,메리맥 파마슈티컬스
3169,GOODM,글래드스톤 커머셜 Pref SHS Series D
3170,FBIOP,포트리스 바이오텍 Pref SHS Series A
3171,TSCBP,트리스테이트 캐피털 홀딩스 DEP SHS 6.375%
3172,UBCP,유나이티드 뱅코프
3173,UGRO,어반그로
3174,ASRT,어셋티오 테라퓨틱스
3175,WFCF,웨어 푸드 컴스 프롬
3176,LSBK,레이크 쇼어 뱅코프
3177,ZSAN,조사노 파마
3178,CWBR,코바
3179,AFBI,어피니티 뱅크셰어스
3180,OPGN,옵젠
3181,LIVKU,LIV Capital Acquisition Corp Unit
3182,TRKA,토리카 미디어 그룹
3183,ELYS,일리스 게임 테크놀로지
3184,STRM,스트림라인 헬스 솔루션
3185,APM,앱토럼 그룹
3186,CYCN,싸이클러리온 테라퓨틱스
3187,SYNL,시낼로이
3188,PRPH,프로페이즈 랩스
3189,INTG,인터그룹
3190,SLNO,솔레노 테라퓨틱스
3191,MCACU,Mountain Crest Acquisition Corp Unit
3192,ITACU,Industrial Tech Acquisitions Inc
3193,SENEB,세네카 푸즈 Class B
3194,BRPA,빅 락 파트너스
3195,BRQS,보크스 테크놀러지
3196,DGICB,도니골 그룹 Class B
3197,CODA,코다 옥토퍼스 그룹
3198,GTEC,그린랜드 테크놀로지 홀딩
3199,LGHL,라이온 그룹 홀딩스 ADR
3200,ELOX,엘록스 파머수티컬스
3201,LINK,인터링크 일렉트로닉스
3202,RMTI,록웰 메디컬
3203,CBLI,클리블랜드 바이오랩스
3204,AAME,아틀란틱 아메리칸
3205,PRPO,프리시피오
3206,ICMB,인베스트코프 크레디트 매니지먼트
3207,LUMO,루모스 파마
3208,ISUN,아이썬
3209,FFBW,Ffbw Inc
3210,ACST,아카스티 파마 Class A
3211,FSTX,F-스타 테라뷰틱스
3212,LIVK,LIV 캐피탈 어퀴지션 Class A
3213,LACQ,레져 어퀴지션
3214,PNRG,프라임에너지 리소스
3215,BYFC,브로드웨이 파이낸셜
3216,USAP,유니버설 스테인리스 & 앨로이 프로덕츠
3217,VJET,복셀젯 ADR
3218,OMEX,오디세이 마린 익스플로레이션
3219,CYAD,셀야드 온콜로지 ADR
3220,EDSA,에데사 바이오테크
3221,BWEN,브로드윈드 에너지
3222,TAOP,타오핑
3223,AIKI,아이키도 파마
3224,KBNT,쿠비엔트
3225,EMCF,엠클레어 파이낸셜
3226,AVCO,아발론 글로보케어
3227,REPH,레크로 파마
3228,CAPR,캐프리코 테라퓨틱스
3229,USAU,US 골드
3230,NEPH,네프로스
3231,CRWS,크라운 크래프츠
3232,WVVI,윌래메트 밸리 바인야드
3233,MGYR,마자르 뱅코프
3234,LNSR,렌자
3235,REFR,리서치 프런티어스
3236,GECC,그레이트 엘름 캐피털
3237,RWLK,리워크 로보틱스
3238,GAINL,글래드스톤 인베스트먼트 Pref SHS Series E
3239,LWAY,라이프웨이 푸드
3240,KTCC,키 트로닉
3241,ICCC,이뮤셀
3242,MKTY,메캐니컬 테크놀로지
3243,PAICU,Petra Acquisition Inc
3244,ENTX,엔테라 바이오
3245,TURN,180 디그리 캐피털
3246,ZGYHU,Yunhong International
3247,MCAD,마운틴 크레스트 애퀴지션 II
3248,SYPR,사이프리스 솔루션스
3249,CCLP,CSI Compressco LP Unit
3250,ECOR,일렉트로코어
3251,PTE,폴라리티TE
3252,QUIK,퀵로직
3253,NVVE,뉴본 애퀴지션
3254,CXDC,차이나 XD 플라스틱스
3255,IROQ,IF 뱅포크
3256,BBGI,DRD골드 ADR
3257,NYMTP,뉴욕 모기지 트러스트 Pref SHS Series B
3258,SDH,글로벌 인터넷 오브 피플
3259,ASRV,아메리서브 파이낸셜
3260,GRNV,그린비젼 어퀴지션
3261,BLUW,블루 워터 애퀴지션 Class A
3262,SEED,오리진 애그리테크
3263,TC,투안케 ADR
3264,DLPN,돌핀 엔터테인먼트
3265,LPTH,라이트패스 테크놀로지스 Class A
3266,AEI,알셋 E홈 인터내셔널
3267,JRSH,저라쉬 홀딩스
3268,CLRB,셀렉타 바이오사이언시스
3269,DCTH,델캐스 시스템즈
3270,AKTX,아카리 테라퓨틱스 ADR
3271,IGNY,이그나이트 애퀴지션
3272,AWRE,어웨어
3273,CLPS,CLPS Inc
3274,CEMI,켐바이오 다이어그노스틱스
3275,ATXI,애버뉴 테라퓨틱스
3276,FNHC,페드냇 홀딩
3277,BCOW,1895 뱅코프위스콘신
3278,SPRT,서포트닷컴
3279,FOXW,폭스웨인 엔터프라이즈 Class A
3280,ARKR,아크 레스토란츠
3281,RGLS,레귤러스 테라퓨틱스
3282,VTNR,버텍스 에너지
3283,HALL,홀마크 파이낸셜 서비스
3284,ADXN,애딕스 테라퓨틱스 ADR
3285,UPC,유니버스 파마슈티컬스
3286,HNNA,헤네시 어드바이저스
3287,DFFN,디퓨전 파마슈티컬스
3288,VERB,버브 테크놀러지
3289,OXLCM,옥스포드 레인 캐피털 Pref SHS 6.75%
3290,EKSO,엑소 바이오닉스 홀딩스
3291,HNRG,핼러도 에너지
3292,CNEY,CN 에너지 그룹
3293,PPBT,퍼플 바이오테크 ADR
3294,GNLN,그린래인 홀딩스 Class A
3295,UG,유나이티드-가디언
3296,ETTX,엔타시스 테라퓨틱스 홀딩스
3297,WKEY,와이즈키 인터내셔널 홀딩 AG ADR
3298,OCCI,OFS 크레딧 컴퍼니
3299,ENG,EN글로벌
3300,TESS,테스코 테크놀로지스
3301,ZIONP,자이언스 뱅코프 DEP SHS REP 1/4 Series A
3302,SMID,스미스-미드랜드
3303,GLMD,갈메드 파머슈티컬스
3304,PBHC,패트파인더 뱅코프
3305,ARDS,아리디스 파머수티컬스
3306,DCOMP,다임 커뮤니티 뱅크셰어스 (뉴욕) Pref SHS Series A
3307,NVOS,노보 인테그레이티드 사이언스
3308,QRHC,퀘스트 리소스 홀딩
3309,GEG,그레이트 엘름 그룹
3310,CPHC,캔터베리 파크 홀딩스
3311,NRBO,뉴로보 파마슈티컬스
3312,WHLRD,휠러 리얼 에스테이트 인베스트 Pref SHS Ser
3313,GRNVU,Greenvision Acquisition Corp. Unit
3314,GBRG,골든브리지 애퀴지션
3315,MNPR,모노파 테라퓨틱스
3316,TRIB,트리니티 바이오테크 ADR Class A
3317,BOTJ,뱅크 오브 더 제임스
3318,GURE,걸프 리소스
3319,RFIL,RF 인더스트리스
3320,GIFI,걸프 아일랜드 패브리케이션
3321,VBFC,빌리지 뱅크 앤 트러스트 파이낸셜
3322,AIRT,에어 T
3323,USWS,US 웰 서비스 Class A
3324,ALIM,알리메라 사이언시스
3325,MCADU,Mountain Crest Acquisition Corp II
3326,PBTS,파워브릿지 테크놀러지
3327,TECTP,텍토닉 파이낸셜 DEP SHS 9.00% Fixed-to-Floating
3328,LMRKO,랜드마크 인프라스트럭처 Pref SHS Series B
3329,ALNA,알레나 파머수티컬스
3330,HUDI,화디 인터내셔널 그룹
3331,VCNX,백시넥스
3332,GOODN,글래드스톤 커머셜 Pref SHS Series E
3333,PIXY,쉬프트픽시
3334,JCS,커뮤니케이션스 시스템즈
3335,SRTS,센서스 헬스케어
3336,TYHT,신에코
3337,TOPS,탑쉽스
3338,OSTR,오이스터 엔터프라이즈 애퀴지션 Class A
3339,DARE,데어 바이오사이언스
3340,FUSB,퍼스트 US 뱅크쉐어스
3341,VTSI,버트라
3342,BLUWU,Blue Water Acquisition Corp
3343,BCAC,브루클라인 캐피탈 애퀴지션
3344,ANPC,앤팩 바이오메티컬 사이언스 ADR
3345,LOAN,맨해튼 브리지 캐피털
3346,BRLI,브릴리언트 어퀴지션
3347,DSWL,데스웰 인더스트리
3348,OCFCP,오션퍼스트 파이낸셜 DEP SHS
3349,FTEK,퓨얼 테크
3350,CYCC,사이클라셀 파마슈티컬스
3351,MOHO,엑모호 ADR
3352,EZGO,이지고 테크놀로지스
3353,VENA,비너스 애퀴지션
3354,TBLT,터프빌트 인더스트리스
3355,ACHV,어치브 라이프 사이언스
3356,BBIG,빈코 벤쳐
3357,BBI,브릭켈 바이오테크
3358,NCSM,NCS 멀티스테이지 홀딩스
3359,PTVCA,프로텍티브 인슈어런스 Class A
3360,FOXWU,FoxWayne Enterprises Acquisition Corp
3361,AZRX,AzurRx 바이오파머
3362,BIOC,바이오셉트
3363,MNDO,마인드 CTI
3364,KRBP,키로믹 바이오파마
3365,MPACU,Model Performance Acquisition Corp
3366,DTSS,데이터씨
3367,BXRX,보닥스 바이오
3368,GTIM,굿 타임스 레스토란츠
3369,KFFB,캔터키 퍼스트 페더럴 뱅코프
3370,RZLT,Rezolute Inc
3371,MFH,머큐리티 핀테크 홀딩 ADR
3372,IGNYU,Ignyte Acquisition Corp
3373,ADXS,애드백시스
3374,AIHS,센미아오 테크놀러지
3375,PFIE,프로파이어 에너지
3376,RSSS,리서치 솔루션스
3377,OBAS,옵티베이스
3378,LIVE,라이브 벤처스
3379,HUGE,FSD 파마 Class B
3380,FSEA,퍼스트 시코스트 뱅코프
3381,CCNEP,CNB 파이낸셜 DEP SHS Series A
3382,ALJJ,ALJ 리저널 홀딩스
3383,CHNR,차이나 내츄럴 리소스
3384,GENE,제네틱 테크놀로지스 ADR
3385,AGBA,AGBA 어퀴지션
3386,SINO,사이노 글로벌 쉬핑 아메리카
3387,ASTC,애스트로테크
3388,DWSN,도슨 지오피지컬
3389,HFBL,홈 페더럴 뱅코프 오브 루이지아나
3390,VMAR,비전 마린 테크놀로지스
3391,WINT,윈드트리 테라퓨틱스
3392,TOMZ,토미 인바이로멘탈 솔루션
3393,CRKN,크라운 일렉트로키네틱스
3394,SSKN,스트라타 스킨 사이언스
3395,MBINP,머천트 뱅코프 Pref SHS Series A
3396,CPTA,캐피틀라 파이낸스
3397,BCDA,바이오카디아
3398,YGMZ,명주 로지스틱 홀딩스
3399,ANTE,에어넷 테크놀러지 ADR
3400,MAYS,JW 메이스
3401,MKGI,모나커 그룹
3402,JAKK,잭스 퍼시픽
3403,OCUP,오큐파이어 파마
3404,RILYP,B. 라일리 파이낸셜 DEP SHS Series A
3405,LANDM,글래드스톤 랜드 Pref SHS Series D
3406,ACBAU,Ace Global Business Acquisition Ltd
3407,SLRX,셀러리어스 파마슈티컬스
3408,QLGN,퀄리겐 테라퓨틱스
3409,AMST,에임자이트
3410,LLIT,리안루오 스마트 Class A
3411,IDRA,아이데라 파마슈티컬스
3412,CNET,차이나넷 온라인 홀딩스
3413,BMRA,바이오메리카
3414,GBRGU,Goldenbridge Acquisition Ltd
3415,HCAP,하베스트 캐피털 크레디트
3416,GRCY,그린시티 에퀴지션
3417,ICCH,ICC 홀딩스
3418,AEHR,에흐르 테스트 시스템즈
3419,BCACU,Brookline Capital Acquisition Corp.
3420,LMRKN,랜드마크 인프라스트럭처 Pref SHS Series C
3421,RKDA,아카디아 바이오사이언스
3422,NBRV,내브리바 테라퓨틱스
3423,APWC,아시아 퍼시픽 와이어 & 케이블
3424,CBMB,CBM 뱅코프
3425,MDJH,MDJM Ltd
3426,BPOPN,파퓰러 캐피탈 트러스트 I Pref
3427,DXYN,딕시 그룹
3428,ONVO,오가노보 홀딩스
3429,IKT,인히비케이즈 테라퓨틱스
3430,BRLIU,Brilliant Acquisition Corp Unit
3431,SALM,세일럼 미디어 그룹 Class A
3432,ALAC,알버톤 에퀴지션
3433,SNGX,솔리제닉스
3434,JMPNL,JMP 그룹 7.25% Senior Note
3435,PPIH,퍼마-파이프 인터내셔널 홀딩스
3436,FWP,포워드 파마 ADR
3437,VIRC,버코 매뉴팩처링
3438,CYTH,사이클로 테라퓨틱스
3439,OPNT,오피언트 파머수티컬스
3440,NETE,넷 엘리먼트
3441,TBKCP,트라이엄프 뱅코프 DEP SHS Series C
3442,POAI,프리딕티브 온콜로지
3443,ARPO,에어피오 파머수티컬
3444,TRMT,트레몬트 모기지
3445,SEAC,씨체인지 인터내셔널
3446,MBOT,마이크로봇 메디컬
3447,PULM,풀매트릭스
3448,MOTS,모투스 GI 홀딩스
3449,MSVB,미드-서던 뱅코프
3450,VENAU,Venus Acquisition Corp
3451,HSON,허드슨 글로벌
3452,HCDI,하버 커스텀 디벨롭먼트
3453,IPWR,아이디얼 파워
3454,FPAY,플렉스쇼퍼
3455,TLGT,텔리전트
3456,MRM,메디롬 헬스케어 테크놀로지스 ADR
3457,EEIQ,엘리트 에듀케이션 그룹 인터내셔널
3458,KSPN,카스피엔 홀딩스
3459,AGBAU,AGBA Acquisition Ltd Unit
3460,ENVB,엔버릭 바이오사이언시스
3461,OTRKP,온트랙 Cumulative Pref SHS
3462,SOHO,소덜리 호텔
3463,NTWK,넷솔 테크놀로지스
3464,TATT,TAT 테크놀러지
3465,PSTV,플러스 테라퓨틱스
3466,RVPH,리비바 파마슈티컬스 홀딩스
3467,HJLI,핸콕 제프 래브라토리스
3468,RAND,랜드 캐피탈
3469,ESBK,엘마이라 세이빙 뱅크
3470,IFMK,i프레쉬
3471,GBS,GBS
3472,ATIF,ATIF 홀딩스
3473,MBNKP,메달리언 뱅크 Pref SHS Series F
3474,SELF,글로벌 셀프 스토리지
3475,UTSI,UT스타컴 홀딩스
3476,DOGZ,도그니스 인터네셔널 Class A
3477,JUPW,주피터 웰니스
3478,CNSP,CNS 파마슈티컬스
3479,AMPG,앰플리테크 그룹
3480,CLEU,차이나 리버럴 에듀케이션 홀딩스
3481,EVOK,에보크 파마
3482,NUZE,누지
3483,GLBS,글로버스 마리타임
3484,DAIO,데이터 I/O
3485,ANDA,안디나 어퀴지션 코프 III
3486,CATB,카타베이시스 파마슈티컬스
3487,CSSEP,치킨 수프 포 더 소울 엔터 Pref SHS Series A
3488,ACOR,아코다 테라퓨틱스
3489,SVVC,Firsthand Technology Value Fund Inc
3490,ABIO,ARCA 바이오파마
3491,GRCYU,Greencity Acquisition Corp
3492,CYRN,사이렌
3493,PHCF,푸후이 웰스 인베스트먼트 매니지먼트
3494,HAPP,해피니스 바이오테크 그룹
3495,APDN,어플라이드 DNA 사이언스
3496,LMRKP,랜드마크 인프라스트럭처 Pref SHS Series A
3497,UONE,어반 원 Class A
3498,CLRO,클리어원
3499,ZCMD,중차오 Class A
3500,HVBC,HV 뱅코프
3501,TAYD,테일러 디바이시스
3502,IMAC,아이맥 홀딩스
3503,ISNS,이미지 센싱 시스템즈
3504,MTC,MMTEC Inc
3505,ATHE,알테리티 테라퓨틱스 ADR
3506,ALF,알피
3507,HGSH,차이나 HGS 리얼에스테이트
3508,PALI,팔리사드 바이오
3509,YTEN,일드10 바이오사이언스
3510,MDGS,메디거스 ADR
3511,LEDS,세미LEDS
3512,MYT,어반 티
3513,IMTE,인티그레이티드 미디어 테크놀로지
3514,RIBT,라이스브랜 테크놀로지스
3515,PBLA,팬벨라 테라퓨틱스
3516,CNNB,신시내티 뱅코프
3517,TRVI,트레비 테라퓨틱스
3518,VIRI,비리오스 테라퓨틱스
3519,GFNCP,제네럴 파이낸스 Pref SHS Series C
3520,LIFE,어타이어 파마
3521,NXTD,NXT-ID Inc
3522,ELTK,엘텍
3523,CPIX,컴벌랜드 파마슈티컬스
3524,TANH,탄테크 홀딩스
3525,BVXV,비온드백스 파마슈티컬스 ADR
3526,INVO,INVO Bioscience Inc
3527,GOVX,지오박스 랩스
3528,CJJD,차이나 조조 드럭스토어
3529,ADTX,ADiTx 테라퓨틱스
3530,CHCI,컴스톡 홀딩
3531,TUGCU,TradeUP Global Corp
3532,GHSI,가디언 헬쓰 사이언스
3533,SONM,소님 테크놀러지
3534,MTEX,매나테크
3535,BPTH,바이오-패스 홀딩스
3536,VIVE,비베베 메디컬
3537,SUMR,서머 인펀트
3538,BLPH,벨러로폰 테라퓨틱스
3539,KTRA,킨타라 테라퓨틱스
3540,CUEN,쿠엔타스
3541,CUBA,Herzfeld Caribbean Basin Fund Inc
3542,PMD,사이키메딕스
3543,LIXT,Lixte Biotechnology Holdings Inc
3544,BHTG,바이오하이테크 글로벌
3545,CSPI,CSP Inc
3546,RCMT,RCM 테크놀로지스
3547,PATI,패트리어트 트랜스포테이션 홀딩
3548,BHAT,블루 햇 인터랙티브 엔터테인먼트 테크놀로지
3549,BELFA,벨 퓨즈 Class A
3550,ACER,에이서 테러퓨틱스
3551,ADIL,애디얼 파머수티컬
3552,WHLR,휠러 리얼 에스테이트 인베스트
3553,EARS,아우리스 메디컬 홀딩
3554,NLSP,NLS 파마슈틱스
3555,PT,핀텍 테크놀러지 ADR
3556,JMPNZ,JMP 그룹 6.875% Senior Note
3557,AUTO,오토웹
3558,SSNT,실버선 테크놀로지스
3559,VYNT,비얀트 바이오
3560,NEWA,뉴워터 테크놀러지
3561,RMCF,로키 마운틴 초콜릿 팩토리
3562,RILYL,B. 라일리 파이낸셜 DEP SHS Series B
3563,PNBK,패트리엇 내셔널 뱅코프
3564,SGLB,시그마 랩스
3565,HSDT,헬리우스 메디컬 테크놀로지스 Class A
3566,SGRP,스파 그룹
3567,DUOT,듀오스 테크놀로지 그룹
3568,SINT,SiNtx 테크놀로지스
3569,SCKT,소켓 모바일
3570,HTIA,헬스케어 트러스트 Pref SHS Series A
3571,FGF,FG 파이낸셜 그룹
3572,EVK,에버-글로리 인터내셔널 그룹
3573,HSTO,히스토젠
3574,XELB,엑셀 브랜즈
3575,GLBZ,글렌 버니 뱅코프
3576,HOTH,호스 테라퓨틱스
3577,XOMAO,XOMA Dep SHS Series B
3578,EDRY,유로드라이
3579,JCTCF,주잇-카메론 트레이딩 컴퍼니
3580,RDIB,레딩 인터내셔널 Class B
3581,BSQR,비스퀘어
3582,KEQU,키와우니 사이언티픽
3583,BNTC,베니텍 바이오파마
3584,WISA,서밋 와이어리스 테크놀러지
3585,SYTA,Siyata Mobile Inc
3586,SFET,Safe-T 그룹 ADR
3587,TENX,테낙스 테라퓨틱스
3588,OLB,오엘비 그룹
3589,SQFT,프레시디오 프로퍼티 트러스트 Class C
3590,GIGM,기가미디어
3591,PTPI,페트로스 파마슈티컬스
3592,FGBIP,퍼스트 개런티 뱅그셰어스 Dep SHS Series A
3593,LEXX,렉사리아 바이오사이언스
3594,PPSI,파이어니어 파워 솔루션스
3595,CVV,CVD 이큅먼트
3596,MIND,미챔 인더스트리스
3597,AUUD,아우디아
3598,FFHL,퓨웨이 필름스(홀딩스)
3599,OSN,오쎈 이노베이션 ADR
3600,CYCCP,사이클라셀 파마슈티컬스 Pref SHS 6%
3601,MEDS,트락세이드 그룹
3602,LTBR,라이트브리지
3603,WAFU,와푸 에듀케이션
3604,FRGAP,프랜차이즈 그룹 Pref SHS SeriesA
3605,WVFC,W V S 파이낸셜
3606,CRTD,크리에이티드
3607,NUWE,뉴웰리스
3608,THMO,써모제네시스 홀딩스
3609,VRME,베리파이미
3610,CNFR,커니퍼 홀딩스
3611,JVA,커피 홀딩
3612,PXS,픽시스 탱커스
3613,SONN,소넷 바이오테라퓨틱스 홀딩스
3614,PHIO,피오 파머수티컬스
3615,IMRN,이뮤론 ADR
3616,ARTL,아르텔로 바이오사이언스
3617,MINDP,미챔 인더스트리스 Pref SHS Series A
3618,LANDP,글래드스톤 랜드 Pref SHS Series A
3619,BNSO,본소 일렉트로닉 인터내셔널
3620,INM,InMed Pharmaceuticals Inc
3621,EYEG,아이게이트 파마슈티컬스
3622,BANFP,BFC 캐피탈 트러스트 II Pref SHS
3623,BKYI,바이오-키 인터내셔널
3624,GVP,GSE 시스템
3625,SGBX,SG 블록스
3626,ICON,이코닉스 브랜드 그룹
3627,VINO,가우초 그룹 홀딩스
3628,LEVLP,레벨 원 뱅코프 DEP SHS Series B
3629,BIMI,BOQI 인터내셔널 메디컬
3630,RETO,리토 에코-솔루션
3631,CREG,차이나 리사이클링 에너지
3632,SOHOB,소덜리 호텔 Pref SHS 8.0% Series B
3633,TAIT,테이트론 컴포넌트 Class A
3634,SPCB,슈퍼컴
3635,PRFX,패인리폼
3636,MNSBP,메인스트리트 뱅크셰어스 DEP SHS
3637,BLCM,벨리쿰 파마슈티컬스
3638,VLON,밸론 파마슈티컬
3639,YVR,리퀴드 미디어 그룹
3640,NSEC,내셔널 시큐리티 그룹
3641,SOHOO,소덜리 호텔 Pref SHS 7.875% Series C
3642,PTIX,프로타제닉 테라퓨틱스
3643,JRJC,차이나 파이낸스 온라인 ADR
3644,MTP,마이다테크 파마 ADR
3645,UNAM,유니코 아메리칸
3646,EDTK,스킬풀 크래프트맨 에듀케이션 테크놀로지
3647,CETX,셈트렉스
3648,RBCN,루비콘 테크놀로지
3649,OCC,옵티컬 케이블
3650,HTGM,HTG 몰레큘러 다이어그노스틱스
3651,EVOL,이볼빙 시스템즈
3652,NVCN,네오바스크
3653,WHLRP,휠러 리얼 에스테이트 인베스트 Pref SHS Ser
3654,GBNY,제너레이션스 뱅코프 NY
3655,WHLM,윌헬미나 인터내셔널
3656,CARV,카버 뱅코프
3657,MOSY,모시스
3658,AEY,애드밴티지 테크놀로지스 그룹
3659,NVIV,인비보 테라퓨틱스 홀딩스
3660,STAF,스태핑 360 솔루션스
3661,SMIT,슈미트 인더스트리즈
3662,FORD,포워드 인더스트리스
3663,RAVE,레이브 레스토랑 그룹
3664,HX,샤오바이 마이마이 ADR
3665,NAOV,나노바이브로닉스
3666,XOMAP,조마 Pref SHS Series A
3667,TTNP,타이탄 파마슈티컬스
3668,SGMA,시그마트론 인터내셔널
3669,PSHG,퍼포먼스 쉬핑
3670,PLIN,차이나 칭타이 푸드
3671,AIRTP,에어 T Pref SHS
3672,IPDN,프로페셔널 다이버시티 네트워크
3673,MLND,밀렌도 테라퓨틱스
3674,SOHON,소덜리 호텔 Pref SHS 8.25% Series D
3675,AEMD,애슬론 메디컬
3676,MDIA,미디아코 홀딩 Class A
3677,IKNX,아이코닉스
3678,LMFA,LM 펀딩 아메리카
3679,OBLN,오발론 테라퓨틱스
3680,OCCIP,OFS 크레딧 컴퍼니 Pref SHS Series A
3681,OCCIO,OFS 크레딧 컴퍼니 Pref SHS SeriesC
3682,MDRR,메달리스트 다이버시파이드 릿츠
3683,GYRO,자이로다인
3684,BCTX,브리아셀 테라퓨틱스
3685,GRIL,머슬 메이커
3686,USEG,US 에너지
3687,PFIN,P&F 인더스트리 Class A
3688,RELI,릴라이언스 글로벌 그룹
3689,EAST,이스트사이드 디스틸링
3690,SXTC,차이나 SXT 파마슈티컬스
3691,VRPX,비르팍스 파마슈티컬
3692,SQBG,시퀀셜 브랜즈 그룹
3693,CYAN,사이아노테크
3694,ANY,스피어 3D
3695,JAN,잰원
3696,TSRI,TSR Inc
3697,SNES,시네스텍
3698,XTLB,X T L 바이오파마슈티컬 ADR
3699,FGFPP,FG 파이낸셜 그룹 Pref SHS Series A
3700,NVFY,노바 라이프스타일
3701,EFOI,에너지 포커스
3702,AHPI,얼라이드 헬스케어 프로덕츠
3703,DYNT,다이나트로닉스
3704,HUSN,허드슨 캐피탈
3705,MRIN,마린 소프트웨어
3706,BOSC,B.O.S. 베터 온라인 솔루션스
3707,AXAS,아브라삭스 페트롤리엄
3708,NTEC,인텍 파마
3709,XBIO,제네틱 바이오사이언스
3710,CLWT,유로 테크 홀딩스 컴퍼니
3711,NSYS,노테크 시스템즈
3712,ELSE,일렉트로-센서스
3713,SNOA,소노마 파머수티컬스
3714,WORX,Scworx Corp
3715,ARTW,아츠-웨이 매뉴팩처링
3716,LYL,드래곤 빅토리 인터내셔널
3717,CREX,크리에이티브 리얼리티스
3718,STRR,스타 에쿼티 홀딩스
3719,ASRVP,아메리서브 캐피탈 트러스트 I Pref SHS Seri
3720,HIHO,하이웨이 홀딩스
3721,MYSZ,마이 사이즈
3722,BLIN,브릿지라인 디지털
3723,MTSL,MER 텔레매니지먼트 솔루션스
3724,AEHL,China Ceramics Co Ltd
3725,FAMI,파르미
3726,OXBR,옥스브리지 리 홀딩스
3727,WVVIP,윌래메트 밸리 바인야드 Pref SHS Series A
3728,OPHC,옵티멈뱅크 홀딩스
3729,NURO,뉴로메트릭스
3730,CTIB,윤홍 CTI
3731,APOP,셀렉트 바이오테크놀러지 ADR
3732,ISIG,인시그니아 시스템즈
3733,FATBP,FAT 브랜즈 Pref SHS Series B
3734,MARPS,Marine Petroleum Trust Unit
3735,KBSF,KBS 패션 그룹
3736,WTFCP,윈트러스트 파이낸셜 DEP SHS Series E
3737,CETXP,셈트렉스 Pref SHS Series 1
3738,MDRRP,메달리스트 다이버시파이드 릿츠 Pref SHS Series A
3739,PXSAP,픽시스 탱커스 Pref SHS Series A
3740,STRRP,스타 에쿼티 홀딩스 Pref SHS Series A
3741,AGBAR,AGBA Acquisition Ltd Rights
3742,ALACR,Alberton Acquisition Corp Rights
3743,ANDAR,Andina Acquisition Corp III Rights
3744,BHFAL,브라이트하우스 파이낸셜 6.25% Junior Sub. Deb
3745,BRPAR,Big Rock Partners Acquisition Corp Rights
3746,BRLIR,Brilliant Acquisition Corp Rights
3747,COWNL,코웬 그룹 7.75% Senior Note
3748,ESSCR,East Stone Acquisition Corp Rights
3749,GRNVR,Greenvision Acquisition Corp. Rights
3750,RILYH,B. 라일리 파이낸셜 7.375% Senior Note
3751,RILYI,B. 라일리 파이낸셜 6.875% Senior Note
3752,RILYG,B. 라일리 파이낸셜 7.25% Senior Note
3753,SBLKZ,스타 벌크 캐리어스 8.30% Senior Note Due 2022
3754,ZGYHR,Yunhong International Rights
3755,MAXNV,맥시온 솔라 테크놀로지스
3756,SPWRV,SunPower Corp
3757,MCACR,Mountain Crest Acquisition Corp
3758,SPEL,Spinal Elements Holdings Inc
3759,MVNR,Mavenir Private Holdings II Ltd
3760,CMPX,"Compass Therapeutics, Inc."
3761,ADOCR,Edoc Acquisition Corp
3762,BREZR,Breeze Holdings Acquisition Corp
3763,PFXNL,피닉스핀 Bond
3764,BENER,Benessere Capital Acquisition Corp
3765,VTAQR,Ventoux CCM Acquisition Corp
3766,MCADR,Mountain Crest Acquisition Corp II
3767,RILYK,B. 라일리 파이낸셜 5.50% Senior Note
3768,ARTAU,Artisan Acquisition Corp
3769,VENAR,Venus Acquisition Corp
3770,GBRGR,Goldenbridge Acquisition Ltd
3771,RNAZ,Transcode Therapeutics Inc
3772,ACQR,인디펜던스 홀딩스 Class A
3773,AGGR,애자일 그로스 Class A
3774,FTPA,FTAC 파르나수스 애퀴지션 Class A
3775,MBTC,녹턴 애퀴지션
3776,MBTCR,Nocturne Acquisition Corp
3777,RTPY,리인벤트 테크놀로지 파트너스 Y Class A
3778,VISN,Gyroscope Therapeutics Holdings PLC
3779,BRIVU,B Riley Principal 250 Merger Corp
3780,GAMC,Golden Arrow Merger Corp
3781,IPW,iPower Inc
3782,KSI,Kadem Sustainable Impact Corp
3783,ANEB,Anebulo Pharmaceuticals Inc
3784,DKDCU,Data Knights Acquisition Corp
3785,TETC,Tech & Energy Transition Corp
3786,HROWL,Harrow Health Inc
3787,TALS,Talaris Therapeutics Inc
